datetime,lmp
2024-01-01 00:00:00+00:00,43.49167583333334
2024-01-01 01:00:00+00:00,47.49986083333334
2024-01-01 02:00:00+00:00,42.7598175
2024-01-01 03:00:00+00:00,41.3511275
2024-01-01 04:00:00+00:00,39.1965025
2024-01-01 05:00:00+00:00,39.67884166666666
2024-01-01 06:00:00+00:00,40.098644166666666
2024-01-01 07:00:00+00:00,39.980731666666664
2024-01-01 08:00:00+00:00,46.619319999999995
2024-01-01 09:00:00+00:00,46.14255916666667
2024-01-01 10:00:00+00:00,46.20894833333333
2024-01-01 11:00:00+00:00,45.490761666666664
2024-01-01 12:00:00+00:00,44.0622
2024-01-01 13:00:00+00:00,42.558685833333335
2024-01-01 14:00:00+00:00,44.227740000000004
2024-01-01 15:00:00+00:00,46.763925
2024-01-01 16:00:00+00:00,37.29572833333334
2024-01-01 17:00:00+00:00,41.73417833333333
2024-01-01 18:00:00+00:00,39.34242416666667
2024-01-01 19:00:00+00:00,38.8240125
2024-01-01 20:00:00+00:00,39.32653416666667
2024-01-01 21:00:00+00:00,36.60841083333333
2024-01-01 22:00:00+00:00,36.44813666666666
2024-01-01 23:00:00+00:00,34.9580525
2024-01-02 00:00:00+00:00,43.67763583333333
2024-01-02 01:00:00+00:00,48.47227833333333
2024-01-02 02:00:00+00:00,44.81735916666667
2024-01-02 03:00:00+00:00,43.91307333333333
2024-01-02 04:00:00+00:00,46.34679666666667
2024-01-02 05:00:00+00:00,46.08652166666667
2024-01-02 06:00:00+00:00,45.17391
2024-01-02 07:00:00+00:00,39.76667166666667
2024-01-02 08:00:00+00:00,47.906225
2024-01-02 09:00:00+00:00,46.08612
2024-01-02 10:00:00+00:00,43.868989166666665
2024-01-02 11:00:00+00:00,43.82420916666666
2024-01-02 12:00:00+00:00,44.510705
2024-01-02 13:00:00+00:00,46.2165425
2024-01-02 14:00:00+00:00,49.54918916666667
2024-01-02 15:00:00+00:00,45.697558333333326
2024-01-02 16:00:00+00:00,43.4800625
2024-01-02 17:00:00+00:00,53.0663625
2024-01-02 18:00:00+00:00,58.1216675
2024-01-02 19:00:00+00:00,56.37754666666667
2024-01-02 20:00:00+00:00,58.41562583333334
2024-01-02 21:00:00+00:00,51.705727499999995
2024-01-02 22:00:00+00:00,50.57022833333334
2024-01-02 23:00:00+00:00,53.941583333333334
2024-01-03 00:00:00+00:00,58.00535083333333
2024-01-03 01:00:00+00:00,61.54667416666666
2024-01-03 02:00:00+00:00,60.686925
2024-01-03 03:00:00+00:00,64.76689499999999
2024-01-03 04:00:00+00:00,67.012345
2024-01-03 05:00:00+00:00,71.5362875
2024-01-03 06:00:00+00:00,62.9127025
2024-01-03 07:00:00+00:00,50.3268375
2024-01-03 08:00:00+00:00,51.0041
2024-01-03 09:00:00+00:00,46.60719916666667
2024-01-03 10:00:00+00:00,49.76614083333334
2024-01-03 11:00:00+00:00,48.670543333333335
2024-01-03 12:00:00+00:00,47.420070833333334
2024-01-03 13:00:00+00:00,48.58088166666667
2024-01-03 14:00:00+00:00,50.08350416666667
2024-01-03 15:00:00+00:00,54.3840775
2024-01-03 16:00:00+00:00,53.431180833333336
2024-01-03 17:00:00+00:00,57.621293333333334
2024-01-03 18:00:00+00:00,58.05795416666667
2024-01-03 19:00:00+00:00,53.012414166666666
2024-01-03 20:00:00+00:00,55.73408083333334
2024-01-03 21:00:00+00:00,54.788891666666665
2024-01-03 22:00:00+00:00,57.729172500000004
2024-01-03 23:00:00+00:00,58.01649916666667
2024-01-04 00:00:00+00:00,55.26607583333333
2024-01-04 01:00:00+00:00,64.00454416666666
2024-01-04 02:00:00+00:00,61.65359083333333
2024-01-04 03:00:00+00:00,61.175690833333334
2024-01-04 04:00:00+00:00,62.46233333333333
2024-01-04 05:00:00+00:00,64.35717583333333
2024-01-04 06:00:00+00:00,53.69373833333333
2024-01-04 07:00:00+00:00,46.56858916666667
2024-01-04 08:00:00+00:00,53.72332
2024-01-04 09:00:00+00:00,48.11494583333334
2024-01-04 10:00:00+00:00,47.01597916666666
2024-01-04 11:00:00+00:00,46.37547
2024-01-04 12:00:00+00:00,51.40020333333334
2024-01-04 13:00:00+00:00,55.46176916666667
2024-01-04 14:00:00+00:00,64.07266083333333
2024-01-04 15:00:00+00:00,62.491234166666665
2024-01-04 16:00:00+00:00,50.844785
2024-01-04 17:00:00+00:00,48.681845
2024-01-04 18:00:00+00:00,49.82620333333333
2024-01-04 19:00:00+00:00,43.62401083333333
2024-01-04 20:00:00+00:00,40.337435
2024-01-04 21:00:00+00:00,35.602918333333335
2024-01-04 22:00:00+00:00,40.28929416666667
2024-01-04 23:00:00+00:00,46.14112583333334
2024-01-05 00:00:00+00:00,57.15083333333333
2024-01-05 01:00:00+00:00,58.04646333333333
2024-01-05 02:00:00+00:00,61.74136083333334
2024-01-05 03:00:00+00:00,61.44756916666666
2024-01-05 04:00:00+00:00,59.008755
2024-01-05 05:00:00+00:00,52.05529416666667
2024-01-05 06:00:00+00:00,53.9657025
2024-01-05 07:00:00+00:00,48.991485000000004
2024-01-05 08:00:00+00:00,49.861378333333334
2024-01-05 09:00:00+00:00,52.05672083333334
2024-01-05 10:00:00+00:00,51.18740333333333
2024-01-05 11:00:00+00:00,52.27582666666667
2024-01-05 12:00:00+00:00,52.46980833333333
2024-01-05 13:00:00+00:00,55.7532125
2024-01-05 14:00:00+00:00,58.70437416666667
2024-01-05 15:00:00+00:00,63.630629166666665
2024-01-05 16:00:00+00:00,78.59172666666667
2024-01-05 17:00:00+00:00,68.88082916666666
2024-01-05 18:00:00+00:00,57.83564916666666
2024-01-05 19:00:00+00:00,57.41863583333333
2024-01-05 20:00:00+00:00,48.075610833333336
2024-01-05 21:00:00+00:00,41.8483375
2024-01-05 22:00:00+00:00,42.97344833333333
2024-01-05 23:00:00+00:00,41.611315833333336
2024-01-06 00:00:00+00:00,55.74080833333333
2024-01-06 01:00:00+00:00,68.55707416666667
2024-01-06 02:00:00+00:00,62.994
2024-01-06 03:00:00+00:00,63.68063166666667
2024-01-06 04:00:00+00:00,64.30617083333333
2024-01-06 05:00:00+00:00,69.04170666666666
2024-01-06 06:00:00+00:00,64.85815833333334
2024-01-06 07:00:00+00:00,63.83394666666666
2024-01-06 08:00:00+00:00,64.60795083333333
2024-01-06 09:00:00+00:00,63.02151083333334
2024-01-06 10:00:00+00:00,60.36299333333333
2024-01-06 11:00:00+00:00,59.299299999999995
2024-01-06 12:00:00+00:00,60.97351166666667
2024-01-06 13:00:00+00:00,65.434885
2024-01-06 14:00:00+00:00,80.61148416666667
2024-01-06 15:00:00+00:00,68.5893025
2024-01-06 16:00:00+00:00,56.8092775
2024-01-06 17:00:00+00:00,64.32384166666667
2024-01-06 18:00:00+00:00,64.9125875
2024-01-06 19:00:00+00:00,60.895385000000005
2024-01-06 20:00:00+00:00,64.46011166666666
2024-01-06 21:00:00+00:00,72.08396499999999
2024-01-06 22:00:00+00:00,76.62262249999999
2024-01-06 23:00:00+00:00,70.98095166666667
2024-01-07 00:00:00+00:00,66.91519916666667
2024-01-07 01:00:00+00:00,66.43420916666666
2024-01-07 02:00:00+00:00,68.59813416666667
2024-01-07 03:00:00+00:00,69.48010583333333
2024-01-07 04:00:00+00:00,69.73481083333333
2024-01-07 05:00:00+00:00,69.14710916666667
2024-01-07 06:00:00+00:00,66.6705925
2024-01-07 07:00:00+00:00,61.812845833333334
2024-01-07 08:00:00+00:00,69.19678416666666
2024-01-07 09:00:00+00:00,62.6466575
2024-01-07 10:00:00+00:00,58.58883
2024-01-07 11:00:00+00:00,58.088234166666666
2024-01-07 12:00:00+00:00,59.692865000000005
2024-01-07 13:00:00+00:00,67.33214666666667
2024-01-07 14:00:00+00:00,68.5699125
2024-01-07 15:00:00+00:00,77.75847583333332
2024-01-07 16:00:00+00:00,79.766585
2024-01-07 17:00:00+00:00,59.94499
2024-01-07 18:00:00+00:00,66.97310416666666
2024-01-07 19:00:00+00:00,61.25662583333334
2024-01-07 20:00:00+00:00,51.42827916666667
2024-01-07 21:00:00+00:00,50.32521916666667
2024-01-07 22:00:00+00:00,48.99347083333333
2024-01-07 23:00:00+00:00,47.710005833333334
2024-01-08 00:00:00+00:00,72.35246666666667
2024-01-08 01:00:00+00:00,79.38130833333334
2024-01-08 02:00:00+00:00,75.72564
2024-01-08 03:00:00+00:00,85.02343166666667
2024-01-08 04:00:00+00:00,96.70335499999999
2024-01-08 05:00:00+00:00,91.38171666666666
2024-01-08 06:00:00+00:00,81.71292916666667
2024-01-08 07:00:00+00:00,75.48351333333333
2024-01-08 08:00:00+00:00,108.31097583333333
2024-01-08 09:00:00+00:00,104.80389916666667
2024-01-08 10:00:00+00:00,113.20927583333334
2024-01-08 11:00:00+00:00,113.91617666666667
2024-01-08 12:00:00+00:00,108.74565333333334
2024-01-08 13:00:00+00:00,127.8309675
2024-01-08 14:00:00+00:00,189.35726833333334
2024-01-08 15:00:00+00:00,184.426955
2024-01-08 16:00:00+00:00,87.08585666666666
2024-01-08 17:00:00+00:00,76.06750916666667
2024-01-08 18:00:00+00:00,82.0108975
2024-01-08 19:00:00+00:00,77.38177083333333
2024-01-08 20:00:00+00:00,65.89320166666667
2024-01-08 21:00:00+00:00,72.61745166666667
2024-01-08 22:00:00+00:00,56.15089416666667
2024-01-08 23:00:00+00:00,70.87184416666666
2024-01-09 00:00:00+00:00,108.33631166666667
2024-01-09 01:00:00+00:00,146.35044083333335
2024-01-09 02:00:00+00:00,147.25910000000002
2024-01-09 03:00:00+00:00,107.86955499999999
2024-01-09 04:00:00+00:00,101.58686583333333
2024-01-09 05:00:00+00:00,98.18125916666666
2024-01-09 06:00:00+00:00,81.7805125
2024-01-09 07:00:00+00:00,70.58453166666666
2024-01-09 08:00:00+00:00,60.84795583333334
2024-01-09 09:00:00+00:00,60.5443975
2024-01-09 10:00:00+00:00,58.94576166666667
2024-01-09 11:00:00+00:00,56.270873333333334
2024-01-09 12:00:00+00:00,60.06343999999999
2024-01-09 13:00:00+00:00,65.53088583333333
2024-01-09 14:00:00+00:00,67.42487333333334
2024-01-09 15:00:00+00:00,65.30233666666666
2024-01-09 16:00:00+00:00,50.56040166666667
2024-01-09 17:00:00+00:00,55.932364166666666
2024-01-09 18:00:00+00:00,47.063340833333335
2024-01-09 19:00:00+00:00,54.67738
2024-01-09 20:00:00+00:00,45.094660000000005
2024-01-09 21:00:00+00:00,24.45426
2024-01-09 22:00:00+00:00,45.574620833333334
2024-01-09 23:00:00+00:00,45.308930833333335
2024-01-10 00:00:00+00:00,57.96226083333334
2024-01-10 01:00:00+00:00,64.72185083333333
2024-01-10 02:00:00+00:00,62.83528416666667
2024-01-10 03:00:00+00:00,64.38639833333333
2024-01-10 04:00:00+00:00,65.24687083333333
2024-01-10 05:00:00+00:00,64.57814833333333
2024-01-10 06:00:00+00:00,63.73339333333333
2024-01-10 07:00:00+00:00,60.30626833333333
2024-01-10 08:00:00+00:00,60.7628325
2024-01-10 09:00:00+00:00,61.76063250000001
2024-01-10 10:00:00+00:00,58.46019583333333
2024-01-10 11:00:00+00:00,55.49622166666666
2024-01-10 12:00:00+00:00,60.77318
2024-01-10 13:00:00+00:00,67.54285583333333
2024-01-10 14:00:00+00:00,72.97773166666667
2024-01-10 15:00:00+00:00,73.164645
2024-01-10 16:00:00+00:00,66.56607916666667
2024-01-10 17:00:00+00:00,75.96595916666666
2024-01-10 18:00:00+00:00,79.20158500000001
2024-01-10 19:00:00+00:00,60.1152325
2024-01-10 20:00:00+00:00,65.72966083333334
2024-01-10 21:00:00+00:00,57.8220775
2024-01-10 22:00:00+00:00,50.22092333333333
2024-01-10 23:00:00+00:00,61.88917
2024-01-11 00:00:00+00:00,80.33109
2024-01-11 01:00:00+00:00,81.59819166666666
2024-01-11 02:00:00+00:00,81.58877333333334
2024-01-11 03:00:00+00:00,79.895065
2024-01-11 04:00:00+00:00,77.32783583333334
2024-01-11 05:00:00+00:00,76.1527225
2024-01-11 06:00:00+00:00,72.94689416666667
2024-01-11 07:00:00+00:00,60.211305
2024-01-11 08:00:00+00:00,60.46825916666666
2024-01-11 09:00:00+00:00,61.272979166666666
2024-01-11 10:00:00+00:00,62.090114166666666
2024-01-11 11:00:00+00:00,57.84330500000001
2024-01-11 12:00:00+00:00,64.978655
2024-01-11 13:00:00+00:00,72.74404916666667
2024-01-11 14:00:00+00:00,75.605425
2024-01-11 15:00:00+00:00,104.11480833333333
2024-01-11 16:00:00+00:00,126.83639666666666
2024-01-11 17:00:00+00:00,80.34658416666666
2024-01-11 18:00:00+00:00,57.01751166666667
2024-01-11 19:00:00+00:00,55.00972333333333
2024-01-11 20:00:00+00:00,52.49833
2024-01-11 21:00:00+00:00,52.785875833333336
2024-01-11 22:00:00+00:00,55.84897916666667
2024-01-11 23:00:00+00:00,53.397726666666664
2024-01-12 00:00:00+00:00,80.81294583333333
2024-01-12 01:00:00+00:00,84.31816916666666
2024-01-12 02:00:00+00:00,78.01577833333333
2024-01-12 03:00:00+00:00,76.22598083333334
2024-01-12 04:00:00+00:00,76.11868833333334
2024-01-12 05:00:00+00:00,80.22365833333333
2024-01-12 06:00:00+00:00,74.340995
2024-01-12 07:00:00+00:00,82.45111166666668
2024-01-12 08:00:00+00:00,76.83090916666667
2024-01-12 09:00:00+00:00,84.49589333333334
2024-01-12 10:00:00+00:00,76.556315
2024-01-12 11:00:00+00:00,89.20233666666667
2024-01-12 12:00:00+00:00,87.23017583333332
2024-01-12 13:00:00+00:00,90.04867916666666
2024-01-12 14:00:00+00:00,83.0348225
2024-01-12 15:00:00+00:00,81.09530083333333
2024-01-12 16:00:00+00:00,74.00060666666667
2024-01-12 17:00:00+00:00,102.12974750000001
2024-01-12 18:00:00+00:00,96.08704
2024-01-12 19:00:00+00:00,83.02865833333333
2024-01-12 20:00:00+00:00,100.84097916666667
2024-01-12 21:00:00+00:00,116.51164083333333
2024-01-12 22:00:00+00:00,96.96842666666667
2024-01-12 23:00:00+00:00,61.985014166666666
2024-01-13 00:00:00+00:00,84.44436083333333
2024-01-13 01:00:00+00:00,72.802965
2024-01-13 02:00:00+00:00,69.61302416666666
2024-01-13 03:00:00+00:00,92.50754166666667
2024-01-13 04:00:00+00:00,85.86602583333332
2024-01-13 05:00:00+00:00,100.2476425
2024-01-13 06:00:00+00:00,100.11035416666665
2024-01-13 07:00:00+00:00,67.53503083333334
2024-01-13 08:00:00+00:00,175.203115
2024-01-13 09:00:00+00:00,168.83248583333332
2024-01-13 10:00:00+00:00,171.45043166666665
2024-01-13 11:00:00+00:00,213.76475166666668
2024-01-13 12:00:00+00:00,220.37123666666665
2024-01-13 13:00:00+00:00,199.20166666666668
2024-01-13 14:00:00+00:00,227.86467666666667
2024-01-13 15:00:00+00:00,178.1111
2024-01-13 16:00:00+00:00,154.69118416666666
2024-01-13 17:00:00+00:00,197.74327916666667
2024-01-13 18:00:00+00:00,520.8964
2024-01-13 19:00:00+00:00,473.7412525
2024-01-13 20:00:00+00:00,194.43037333333334
2024-01-13 21:00:00+00:00,189.99708
2024-01-13 22:00:00+00:00,209.53349333333335
2024-01-13 23:00:00+00:00,187.66552583333336
2024-01-14 00:00:00+00:00,193.36442833333334
2024-01-14 01:00:00+00:00,209.1119625
2024-01-14 02:00:00+00:00,209.19737583333333
2024-01-14 03:00:00+00:00,300.7086033333333
2024-01-14 04:00:00+00:00,187.58726833333333
2024-01-14 05:00:00+00:00,161.89651
2024-01-14 06:00:00+00:00,177.5408183333333
2024-01-14 07:00:00+00:00,139.99171
2024-01-14 08:00:00+00:00,158.70793333333333
2024-01-14 09:00:00+00:00,160.90224083333334
2024-01-14 10:00:00+00:00,157.3401025
2024-01-14 11:00:00+00:00,162.42199583333334
2024-01-14 12:00:00+00:00,164.36928083333333
2024-01-14 13:00:00+00:00,161.85417416666667
2024-01-14 14:00:00+00:00,173.97799
2024-01-14 15:00:00+00:00,173.57360000000003
2024-01-14 16:00:00+00:00,177.84147583333333
2024-01-14 17:00:00+00:00,131.12745416666667
2024-01-14 18:00:00+00:00,124.06824083333333
2024-01-14 19:00:00+00:00,111.62632833333333
2024-01-14 20:00:00+00:00,106.246645
2024-01-14 21:00:00+00:00,103.32911666666666
2024-01-14 22:00:00+00:00,113.70842833333334
2024-01-14 23:00:00+00:00,106.15230166666667
2024-01-15 00:00:00+00:00,155.28400333333335
2024-01-15 01:00:00+00:00,149.00981666666667
2024-01-15 02:00:00+00:00,145.47327333333334
2024-01-15 03:00:00+00:00,160.93879083333334
2024-01-15 04:00:00+00:00,165.83924416666667
2024-01-15 05:00:00+00:00,141.97986
2024-01-15 06:00:00+00:00,157.6001325
2024-01-15 07:00:00+00:00,147.34076916666666
2024-01-15 08:00:00+00:00,156.85892666666666
2024-01-15 09:00:00+00:00,151.6541575
2024-01-15 10:00:00+00:00,148.25877
2024-01-15 11:00:00+00:00,147.92459083333333
2024-01-15 12:00:00+00:00,148.80148499999999
2024-01-15 13:00:00+00:00,175.3098183333333
2024-01-15 14:00:00+00:00,189.57258249999998
2024-01-15 15:00:00+00:00,244.92827583333334
2024-01-15 16:00:00+00:00,850.0469183333333
2024-01-15 17:00:00+00:00,1217.4416083333333
2024-01-15 18:00:00+00:00,564.7721891666666
2024-01-15 19:00:00+00:00,234.13575083333333
2024-01-15 20:00:00+00:00,189.4707225
2024-01-15 21:00:00+00:00,156.39238416666666
2024-01-15 22:00:00+00:00,132.65741583333332
2024-01-15 23:00:00+00:00,131.48974083333334
2024-01-16 00:00:00+00:00,207.08143916666666
2024-01-16 01:00:00+00:00,220.49450416666664
2024-01-16 02:00:00+00:00,207.07991
2024-01-16 03:00:00+00:00,216.7118525
2024-01-16 04:00:00+00:00,231.6062691666667
2024-01-16 05:00:00+00:00,234.55408583333335
2024-01-16 06:00:00+00:00,230.65476750000002
2024-01-16 07:00:00+00:00,220.92598916666668
2024-01-16 08:00:00+00:00,223.88830583333333
2024-01-16 09:00:00+00:00,229.84080416666666
2024-01-16 10:00:00+00:00,224.2365625
2024-01-16 11:00:00+00:00,235.04608916666666
2024-01-16 12:00:00+00:00,223.8424075
2024-01-16 13:00:00+00:00,223.1251808333333
2024-01-16 14:00:00+00:00,286.4479733333333
2024-01-16 15:00:00+00:00,248.97088333333332
2024-01-16 16:00:00+00:00,269.2154483333333
2024-01-16 17:00:00+00:00,709.3528383333334
2024-01-16 18:00:00+00:00,322.74749249999996
2024-01-16 19:00:00+00:00,246.9594975
2024-01-16 20:00:00+00:00,246.72985916666667
2024-01-16 21:00:00+00:00,242.8139475
2024-01-16 22:00:00+00:00,240.8553575
2024-01-16 23:00:00+00:00,227.59955
2024-01-17 00:00:00+00:00,208.56624166666666
2024-01-17 01:00:00+00:00,202.4625133333333
2024-01-17 02:00:00+00:00,192.56075083333334
2024-01-17 03:00:00+00:00,184.1267333333333
2024-01-17 04:00:00+00:00,189.07613
2024-01-17 05:00:00+00:00,185.0054
2024-01-17 06:00:00+00:00,169.34014416666668
2024-01-17 07:00:00+00:00,150.8795375
2024-01-17 08:00:00+00:00,81.55276083333334
2024-01-17 09:00:00+00:00,74.37752583333334
2024-01-17 10:00:00+00:00,64.26840916666667
2024-01-17 11:00:00+00:00,60.392155833333334
2024-01-17 12:00:00+00:00,64.44631083333333
2024-01-17 13:00:00+00:00,75.66113833333334
2024-01-17 14:00:00+00:00,80.1668175
2024-01-17 15:00:00+00:00,83.86277333333334
2024-01-17 16:00:00+00:00,86.936225
2024-01-17 17:00:00+00:00,73.62600416666668
2024-01-17 18:00:00+00:00,65.11572
2024-01-17 19:00:00+00:00,43.081830833333335
2024-01-17 20:00:00+00:00,50.938340000000004
2024-01-17 21:00:00+00:00,49.38026083333333
2024-01-17 22:00:00+00:00,48.93940166666667
2024-01-17 23:00:00+00:00,54.84929083333333
2024-01-18 00:00:00+00:00,66.68251833333333
2024-01-18 01:00:00+00:00,71.74101416666667
2024-01-18 02:00:00+00:00,65.53204416666667
2024-01-18 03:00:00+00:00,57.28430666666667
2024-01-18 04:00:00+00:00,55.630429166666666
2024-01-18 05:00:00+00:00,59.74832916666667
2024-01-18 06:00:00+00:00,58.35111333333333
2024-01-18 07:00:00+00:00,55.808369166666665
2024-01-18 08:00:00+00:00,54.77838499999999
2024-01-18 09:00:00+00:00,48.95700333333334
2024-01-18 10:00:00+00:00,48.30233583333333
2024-01-18 11:00:00+00:00,54.483644166666664
2024-01-18 12:00:00+00:00,54.325182500000004
2024-01-18 13:00:00+00:00,60.300063333333334
2024-01-18 14:00:00+00:00,67.21387833333334
2024-01-18 15:00:00+00:00,70.52408333333334
2024-01-18 16:00:00+00:00,59.20559083333333
2024-01-18 17:00:00+00:00,69.35503250000001
2024-01-18 18:00:00+00:00,54.17645666666667
2024-01-18 19:00:00+00:00,57.15180333333333
2024-01-18 20:00:00+00:00,55.675047500000005
2024-01-18 21:00:00+00:00,60.401905
2024-01-18 22:00:00+00:00,46.19112833333333
2024-01-18 23:00:00+00:00,54.01560833333334
2024-01-19 00:00:00+00:00,69.78387916666667
2024-01-19 01:00:00+00:00,76.54911666666666
2024-01-19 02:00:00+00:00,64.51175916666666
2024-01-19 03:00:00+00:00,70.54754333333334
2024-01-19 04:00:00+00:00,67.6039025
2024-01-19 05:00:00+00:00,77.4893475
2024-01-19 06:00:00+00:00,75.57555166666667
2024-01-19 07:00:00+00:00,64.21097916666666
2024-01-19 08:00:00+00:00,70.41134416666667
2024-01-19 09:00:00+00:00,68.48213583333333
2024-01-19 10:00:00+00:00,69.3032275
2024-01-19 11:00:00+00:00,73.43943666666667
2024-01-19 12:00:00+00:00,75.87965916666667
2024-01-19 13:00:00+00:00,82.51101666666666
2024-01-19 14:00:00+00:00,84.96684416666666
2024-01-19 15:00:00+00:00,133.49617416666666
2024-01-19 16:00:00+00:00,76.63650583333333
2024-01-19 17:00:00+00:00,89.69152916666667
2024-01-19 18:00:00+00:00,84.41330666666667
2024-01-19 19:00:00+00:00,76.5492725
2024-01-19 20:00:00+00:00,64.4793025
2024-01-19 21:00:00+00:00,88.8652225
2024-01-19 22:00:00+00:00,91.442475
2024-01-19 23:00:00+00:00,86.22692166666667
2024-01-20 00:00:00+00:00,77.5416275
2024-01-20 01:00:00+00:00,80.443855
2024-01-20 02:00:00+00:00,75.48089499999999
2024-01-20 03:00:00+00:00,78.73242583333332
2024-01-20 04:00:00+00:00,84.88529333333334
2024-01-20 05:00:00+00:00,84.91286583333333
2024-01-20 06:00:00+00:00,76.29381083333332
2024-01-20 07:00:00+00:00,67.4108025
2024-01-20 08:00:00+00:00,70.06498416666666
2024-01-20 09:00:00+00:00,55.081154999999995
2024-01-20 10:00:00+00:00,53.596585833333336
2024-01-20 11:00:00+00:00,57.097762499999995
2024-01-20 12:00:00+00:00,57.57822916666667
2024-01-20 13:00:00+00:00,67.5274775
2024-01-20 14:00:00+00:00,61.4126325
2024-01-20 15:00:00+00:00,68.56352666666668
2024-01-20 16:00:00+00:00,69.04304166666667
2024-01-20 17:00:00+00:00,81.35451833333333
2024-01-20 18:00:00+00:00,58.294285
2024-01-20 19:00:00+00:00,59.83044666666667
2024-01-20 20:00:00+00:00,65.74769583333334
2024-01-20 21:00:00+00:00,72.2270725
2024-01-20 22:00:00+00:00,74.84989583333333
2024-01-20 23:00:00+00:00,84.41683333333333
2024-01-21 00:00:00+00:00,63.53180833333334
2024-01-21 01:00:00+00:00,61.469901666666665
2024-01-21 02:00:00+00:00,55.035464999999995
2024-01-21 03:00:00+00:00,62.32649083333333
2024-01-21 04:00:00+00:00,65.08208416666666
2024-01-21 05:00:00+00:00,70.41214916666667
2024-01-21 06:00:00+00:00,69.483535
2024-01-21 07:00:00+00:00,54.16027166666667
2024-01-21 08:00:00+00:00,52.69309333333334
2024-01-21 09:00:00+00:00,53.04952083333333
2024-01-21 10:00:00+00:00,48.11140666666666
2024-01-21 11:00:00+00:00,42.07443083333333
2024-01-21 12:00:00+00:00,43.78718916666667
2024-01-21 13:00:00+00:00,45.24265416666666
2024-01-21 14:00:00+00:00,42.3200925
2024-01-21 15:00:00+00:00,53.50055583333333
2024-01-21 16:00:00+00:00,58.28149166666666
2024-01-21 17:00:00+00:00,53.035090833333335
2024-01-21 18:00:00+00:00,39.63997916666667
2024-01-21 19:00:00+00:00,34.48230833333333
2024-01-21 20:00:00+00:00,32.66002583333333
2024-01-21 21:00:00+00:00,35.98851583333333
2024-01-21 22:00:00+00:00,35.14022333333333
2024-01-21 23:00:00+00:00,35.869688333333336
2024-01-22 00:00:00+00:00,46.80874166666666
2024-01-22 01:00:00+00:00,57.499365000000004
2024-01-22 02:00:00+00:00,57.34119999999999
2024-01-22 03:00:00+00:00,57.83656250000001
2024-01-22 04:00:00+00:00,48.77164416666667
2024-01-22 05:00:00+00:00,47.51996666666667
2024-01-22 06:00:00+00:00,41.68626583333333
2024-01-22 07:00:00+00:00,40.3838425
2024-01-22 08:00:00+00:00,47.057993333333336
2024-01-22 09:00:00+00:00,43.898269166666665
2024-01-22 10:00:00+00:00,40.41179416666667
2024-01-22 11:00:00+00:00,40.886854166666666
2024-01-22 12:00:00+00:00,46.517068333333334
2024-01-22 13:00:00+00:00,53.42829916666667
2024-01-22 14:00:00+00:00,61.90691416666667
2024-01-22 15:00:00+00:00,64.99974416666667
2024-01-22 16:00:00+00:00,83.15257083333333
2024-01-22 17:00:00+00:00,85.07816166666667
2024-01-22 18:00:00+00:00,73.73229916666666
2024-01-22 19:00:00+00:00,66.910535
2024-01-22 20:00:00+00:00,67.24212583333333
2024-01-22 21:00:00+00:00,65.42277166666666
2024-01-22 22:00:00+00:00,64.62849166666668
2024-01-22 23:00:00+00:00,64.32713166666666
2024-01-23 00:00:00+00:00,58.467802500000005
2024-01-23 01:00:00+00:00,65.65462416666666
2024-01-23 02:00:00+00:00,61.8039975
2024-01-23 03:00:00+00:00,59.644419166666665
2024-01-23 04:00:00+00:00,59.59280999999999
2024-01-23 05:00:00+00:00,58.48463583333333
2024-01-23 06:00:00+00:00,48.761635000000005
2024-01-23 07:00:00+00:00,48.9917625
2024-01-23 08:00:00+00:00,49.51842333333334
2024-01-23 09:00:00+00:00,46.848755000000004
2024-01-23 10:00:00+00:00,48.379819166666664
2024-01-23 11:00:00+00:00,49.230851666666666
2024-01-23 12:00:00+00:00,49.52677833333333
2024-01-23 13:00:00+00:00,56.075880833333336
2024-01-23 14:00:00+00:00,56.83003166666666
2024-01-23 15:00:00+00:00,57.51345083333334
2024-01-23 16:00:00+00:00,46.195395
2024-01-23 17:00:00+00:00,43.27651666666667
2024-01-23 18:00:00+00:00,39.84364333333333
2024-01-23 19:00:00+00:00,36.367711666666665
2024-01-23 20:00:00+00:00,32.119683333333334
2024-01-23 21:00:00+00:00,33.309945
2024-01-23 22:00:00+00:00,40.63079833333333
2024-01-23 23:00:00+00:00,39.2866725
2024-01-24 00:00:00+00:00,48.97257916666666
2024-01-24 01:00:00+00:00,52.90951333333334
2024-01-24 02:00:00+00:00,58.100567500000004
2024-01-24 03:00:00+00:00,61.3929
2024-01-24 04:00:00+00:00,70.10312833333333
2024-01-24 05:00:00+00:00,81.96840999999999
2024-01-24 06:00:00+00:00,77.34875749999999
2024-01-24 07:00:00+00:00,59.66420333333334
2024-01-24 08:00:00+00:00,54.37122166666666
2024-01-24 09:00:00+00:00,51.15918166666666
2024-01-24 10:00:00+00:00,51.4397525
2024-01-24 11:00:00+00:00,54.497735
2024-01-24 12:00:00+00:00,69.49458750000001
2024-01-24 13:00:00+00:00,56.763065833333336
2024-01-24 14:00:00+00:00,58.05029583333334
2024-01-24 15:00:00+00:00,61.30450333333334
2024-01-24 16:00:00+00:00,88.5929
2024-01-24 17:00:00+00:00,88.55057083333332
2024-01-24 18:00:00+00:00,75.54244333333334
2024-01-24 19:00:00+00:00,66.28813916666667
2024-01-24 20:00:00+00:00,58.69322333333333
2024-01-24 21:00:00+00:00,64.80001916666667
2024-01-24 22:00:00+00:00,76.831575
2024-01-24 23:00:00+00:00,86.24998916666668
2024-01-25 00:00:00+00:00,82.72341333333334
2024-01-25 01:00:00+00:00,74.25939
2024-01-25 02:00:00+00:00,63.5974125
2024-01-25 03:00:00+00:00,65.36139333333334
2024-01-25 04:00:00+00:00,63.15630166666667
2024-01-25 05:00:00+00:00,57.733382500000005
2024-01-25 06:00:00+00:00,53.146259166666674
2024-01-25 07:00:00+00:00,43.9668775
2024-01-25 08:00:00+00:00,44.96384833333334
2024-01-25 09:00:00+00:00,47.37528916666667
2024-01-25 10:00:00+00:00,46.8451325
2024-01-25 11:00:00+00:00,44.2765075
2024-01-25 12:00:00+00:00,43.89544
2024-01-25 13:00:00+00:00,46.36145666666667
2024-01-25 14:00:00+00:00,53.846995
2024-01-25 15:00:00+00:00,70.43088250000001
2024-01-25 16:00:00+00:00,52.958490000000005
2024-01-25 17:00:00+00:00,44.918235833333334
2024-01-25 18:00:00+00:00,36.07270583333334
2024-01-25 19:00:00+00:00,15.891226666666666
2024-01-25 20:00:00+00:00,25.973068333333334
2024-01-25 21:00:00+00:00,16.98904
2024-01-25 22:00:00+00:00,11.609240833333333
2024-01-25 23:00:00+00:00,13.484291666666666
2024-01-26 00:00:00+00:00,40.519425
2024-01-26 01:00:00+00:00,56.571019166666666
2024-01-26 02:00:00+00:00,56.28622000000001
2024-01-26 03:00:00+00:00,53.731388333333335
2024-01-26 04:00:00+00:00,56.25129666666667
2024-01-26 05:00:00+00:00,57.149862500000005
2024-01-26 06:00:00+00:00,51.82783916666667
2024-01-26 07:00:00+00:00,45.6001675
2024-01-26 08:00:00+00:00,53.892835
2024-01-26 09:00:00+00:00,49.8084175
2024-01-26 10:00:00+00:00,46.691335
2024-01-26 11:00:00+00:00,46.40663833333334
2024-01-26 12:00:00+00:00,50.259382499999994
2024-01-26 13:00:00+00:00,52.7467125
2024-01-26 14:00:00+00:00,55.828133333333334
2024-01-26 15:00:00+00:00,53.499874166666665
2024-01-26 16:00:00+00:00,40.96369666666667
2024-01-26 17:00:00+00:00,38.573141666666665
2024-01-26 18:00:00+00:00,35.596220833333334
2024-01-26 19:00:00+00:00,31.582045833333336
2024-01-26 20:00:00+00:00,29.161527500000002
2024-01-26 21:00:00+00:00,42.48171833333333
2024-01-26 22:00:00+00:00,65.24922416666666
2024-01-26 23:00:00+00:00,36.399345833333335
2024-01-27 00:00:00+00:00,50.00079333333333
2024-01-27 01:00:00+00:00,52.626727499999994
2024-01-27 02:00:00+00:00,52.56472
2024-01-27 03:00:00+00:00,50.348572499999996
2024-01-27 04:00:00+00:00,50.505765
2024-01-27 05:00:00+00:00,49.94576416666666
2024-01-27 06:00:00+00:00,47.47850666666667
2024-01-27 07:00:00+00:00,47.960123333333335
2024-01-27 08:00:00+00:00,45.31519083333333
2024-01-27 09:00:00+00:00,43.40437666666667
2024-01-27 10:00:00+00:00,41.569335833333334
2024-01-27 11:00:00+00:00,40.61279416666667
2024-01-27 12:00:00+00:00,41.14916916666667
2024-01-27 13:00:00+00:00,40.91323333333333
2024-01-27 14:00:00+00:00,42.1839075
2024-01-27 15:00:00+00:00,32.04381583333333
2024-01-27 16:00:00+00:00,19.519747499999998
2024-01-27 17:00:00+00:00,20.744859166666668
2024-01-27 18:00:00+00:00,20.134294999999998
2024-01-27 19:00:00+00:00,35.0958225
2024-01-27 20:00:00+00:00,38.82306
2024-01-27 21:00:00+00:00,25.929635
2024-01-27 22:00:00+00:00,31.586024166666665
2024-01-27 23:00:00+00:00,44.10567833333334
2024-01-28 00:00:00+00:00,45.9378375
2024-01-28 01:00:00+00:00,47.29039916666667
2024-01-28 02:00:00+00:00,45.03049333333333
2024-01-28 03:00:00+00:00,44.568311666666666
2024-01-28 04:00:00+00:00,44.357549166666665
2024-01-28 05:00:00+00:00,44.5654475
2024-01-28 06:00:00+00:00,43.03133333333333
2024-01-28 07:00:00+00:00,41.224287499999996
2024-01-28 08:00:00+00:00,42.899975833333336
2024-01-28 09:00:00+00:00,42.7210425
2024-01-28 10:00:00+00:00,38.23895666666667
2024-01-28 11:00:00+00:00,38.841006666666665
2024-01-28 12:00:00+00:00,40.294464166666664
2024-01-28 13:00:00+00:00,40.643275833333334
2024-01-28 14:00:00+00:00,44.89693
2024-01-28 15:00:00+00:00,39.69925666666666
2024-01-28 16:00:00+00:00,28.683070833333332
2024-01-28 17:00:00+00:00,28.682585
2024-01-28 18:00:00+00:00,33.01630333333333
2024-01-28 19:00:00+00:00,22.212841666666666
2024-01-28 20:00:00+00:00,17.1409725
2024-01-28 21:00:00+00:00,14.386550833333333
2024-01-28 22:00:00+00:00,17.4802275
2024-01-28 23:00:00+00:00,24.64259416666667
2024-01-29 00:00:00+00:00,37.103407499999996
2024-01-29 01:00:00+00:00,46.921258333333334
2024-01-29 02:00:00+00:00,40.947948333333336
2024-01-29 03:00:00+00:00,40.658863333333336
2024-01-29 04:00:00+00:00,42.81972
2024-01-29 05:00:00+00:00,42.48468
2024-01-29 06:00:00+00:00,40.613480833333334
2024-01-29 07:00:00+00:00,39.069251666666666
2024-01-29 08:00:00+00:00,40.119597500000005
2024-01-29 09:00:00+00:00,40.5725125
2024-01-29 10:00:00+00:00,39.75772666666666
2024-01-29 11:00:00+00:00,41.380811666666666
2024-01-29 12:00:00+00:00,43.81843333333333
2024-01-29 13:00:00+00:00,45.318982500000004
2024-01-29 14:00:00+00:00,47.73468333333333
2024-01-29 15:00:00+00:00,45.834756666666664
2024-01-29 16:00:00+00:00,22.695799166666664
2024-01-29 17:00:00+00:00,29.420413333333332
2024-01-29 18:00:00+00:00,39.02386666666667
2024-01-29 19:00:00+00:00,31.454379166666666
2024-01-29 20:00:00+00:00,30.47358583333333
2024-01-29 21:00:00+00:00,29.944204166666665
2024-01-29 22:00:00+00:00,27.454391666666666
2024-01-29 23:00:00+00:00,16.019466666666666
2024-01-30 00:00:00+00:00,40.990990000000004
2024-01-30 01:00:00+00:00,50.23131916666667
2024-01-30 02:00:00+00:00,47.99875583333333
2024-01-30 03:00:00+00:00,48.48119499999999
2024-01-30 04:00:00+00:00,48.59892416666667
2024-01-30 05:00:00+00:00,46.40282583333333
2024-01-30 06:00:00+00:00,42.581801666666664
2024-01-30 07:00:00+00:00,41.15685
2024-01-30 08:00:00+00:00,36.713805
2024-01-30 09:00:00+00:00,33.03521333333333
2024-01-30 10:00:00+00:00,32.088766666666665
2024-01-30 11:00:00+00:00,33.9730175
2024-01-30 12:00:00+00:00,37.623039999999996
2024-01-30 13:00:00+00:00,40.33647583333333
2024-01-30 14:00:00+00:00,43.658915
2024-01-30 15:00:00+00:00,40.3568625
2024-01-30 16:00:00+00:00,23.148064166666668
2024-01-30 17:00:00+00:00,25.810353333333335
2024-01-30 18:00:00+00:00,21.739315833333336
2024-01-30 19:00:00+00:00,17.263545
2024-01-30 20:00:00+00:00,15.317388333333334
2024-01-30 21:00:00+00:00,15.595650833333332
2024-01-30 22:00:00+00:00,23.460496666666668
2024-01-30 23:00:00+00:00,21.91168083333333
2024-01-31 00:00:00+00:00,39.380985
2024-01-31 01:00:00+00:00,47.02897333333333
2024-01-31 02:00:00+00:00,45.77336333333333
2024-01-31 03:00:00+00:00,43.48665166666667
2024-01-31 04:00:00+00:00,39.37178333333333
2024-01-31 05:00:00+00:00,39.5496525
2024-01-31 06:00:00+00:00,35.901734166666664
2024-01-31 07:00:00+00:00,36.28132333333333
2024-01-31 08:00:00+00:00,39.35233916666667
2024-01-31 09:00:00+00:00,39.33062
2024-01-31 10:00:00+00:00,38.50586666666667
2024-01-31 11:00:00+00:00,37.432924166666666
2024-01-31 12:00:00+00:00,39.05502416666667
2024-01-31 13:00:00+00:00,41.700935
2024-01-31 14:00:00+00:00,43.46662
2024-01-31 15:00:00+00:00,45.579685833333336
2024-01-31 16:00:00+00:00,38.842037499999996
2024-01-31 17:00:00+00:00,37.831719166666666
2024-01-31 18:00:00+00:00,37.76610083333333
2024-01-31 19:00:00+00:00,47.4733425
2024-01-31 20:00:00+00:00,47.545269999999995
2024-01-31 21:00:00+00:00,49.643702499999996
2024-01-31 22:00:00+00:00,45.70437416666667
2024-01-31 23:00:00+00:00,52.203361666666666
2024-02-01 00:00:00+00:00,48.87833166666667
2024-02-01 01:00:00+00:00,48.6623275
2024-02-01 02:00:00+00:00,44.485706666666665
2024-02-01 03:00:00+00:00,42.38853583333333
2024-02-01 04:00:00+00:00,42.03698083333333
2024-02-01 05:00:00+00:00,44.72236083333333
2024-02-01 06:00:00+00:00,36.063334166666664
2024-02-01 07:00:00+00:00,36.2103675
2024-02-01 08:00:00+00:00,37.56245166666667
2024-02-01 09:00:00+00:00,37.454388333333334
2024-02-01 10:00:00+00:00,37.015275833333334
2024-02-01 11:00:00+00:00,36.1976725
2024-02-01 12:00:00+00:00,36.078646666666664
2024-02-01 13:00:00+00:00,43.05815583333333
2024-02-01 14:00:00+00:00,45.4158425
2024-02-01 15:00:00+00:00,43.55613666666667
2024-02-01 16:00:00+00:00,54.6967575
2024-02-01 17:00:00+00:00,52.338233333333335
2024-02-01 18:00:00+00:00,40.93544583333333
2024-02-01 19:00:00+00:00,37.721979166666664
2024-02-01 20:00:00+00:00,34.777546666666666
2024-02-01 21:00:00+00:00,37.45628
2024-02-01 22:00:00+00:00,41.70156083333333
2024-02-01 23:00:00+00:00,45.648448333333334
2024-02-02 00:00:00+00:00,46.253530000000005
2024-02-02 01:00:00+00:00,50.909335
2024-02-02 02:00:00+00:00,50.9566225
2024-02-02 03:00:00+00:00,52.50498666666667
2024-02-02 04:00:00+00:00,54.71469
2024-02-02 05:00:00+00:00,54.422037499999995
2024-02-02 06:00:00+00:00,45.17264333333333
2024-02-02 07:00:00+00:00,40.77281416666667
2024-02-02 08:00:00+00:00,45.594725000000004
2024-02-02 09:00:00+00:00,42.75971916666666
2024-02-02 10:00:00+00:00,39.49131333333333
2024-02-02 11:00:00+00:00,38.295722500000004
2024-02-02 12:00:00+00:00,40.358435
2024-02-02 13:00:00+00:00,43.80824166666667
2024-02-02 14:00:00+00:00,52.98979333333333
2024-02-02 15:00:00+00:00,52.509094166666664
2024-02-02 16:00:00+00:00,34.69788666666667
2024-02-02 17:00:00+00:00,31.91027916666667
2024-02-02 18:00:00+00:00,33.2739125
2024-02-02 19:00:00+00:00,30.45976
2024-02-02 20:00:00+00:00,18.920215
2024-02-02 21:00:00+00:00,28.552428333333335
2024-02-02 22:00:00+00:00,28.841023333333336
2024-02-02 23:00:00+00:00,20.57845
2024-02-03 00:00:00+00:00,41.96937416666667
2024-02-03 01:00:00+00:00,51.25971916666666
2024-02-03 02:00:00+00:00,48.85721583333333
2024-02-03 03:00:00+00:00,47.64098166666667
2024-02-03 04:00:00+00:00,44.27242916666666
2024-02-03 05:00:00+00:00,43.03946916666666
2024-02-03 06:00:00+00:00,37.36618333333333
2024-02-03 07:00:00+00:00,33.37120083333333
2024-02-03 08:00:00+00:00,32.174515
2024-02-03 09:00:00+00:00,24.089434999999998
2024-02-03 10:00:00+00:00,28.863321666666668
2024-02-03 11:00:00+00:00,28.694736666666667
2024-02-03 12:00:00+00:00,35.320301666666666
2024-02-03 13:00:00+00:00,39.459045833333334
2024-02-03 14:00:00+00:00,39.97956583333333
2024-02-03 15:00:00+00:00,41.28482416666667
2024-02-03 16:00:00+00:00,42.944646666666664
2024-02-03 17:00:00+00:00,47.175603333333335
2024-02-03 18:00:00+00:00,41.74187
2024-02-03 19:00:00+00:00,37.87661666666667
2024-02-03 20:00:00+00:00,31.8769125
2024-02-03 21:00:00+00:00,45.5847925
2024-02-03 22:00:00+00:00,48.30011
2024-02-03 23:00:00+00:00,45.50732166666666
2024-02-04 00:00:00+00:00,46.393165833333335
2024-02-04 01:00:00+00:00,48.114896666666674
2024-02-04 02:00:00+00:00,46.320726666666665
2024-02-04 03:00:00+00:00,44.071956666666665
2024-02-04 04:00:00+00:00,42.183906666666665
2024-02-04 05:00:00+00:00,42.991216666666666
2024-02-04 06:00:00+00:00,42.87137583333333
2024-02-04 07:00:00+00:00,37.303960833333335
2024-02-04 08:00:00+00:00,39.796375833333336
2024-02-04 09:00:00+00:00,38.948865000000005
2024-02-04 10:00:00+00:00,40.36040583333333
2024-02-04 11:00:00+00:00,40.7123375
2024-02-04 12:00:00+00:00,41.207700833333334
2024-02-04 13:00:00+00:00,43.24922166666667
2024-02-04 14:00:00+00:00,40.02845666666666
2024-02-04 15:00:00+00:00,41.482755833333336
2024-02-04 16:00:00+00:00,46.44219833333333
2024-02-04 17:00:00+00:00,52.42773666666667
2024-02-04 18:00:00+00:00,54.622029166666664
2024-02-04 19:00:00+00:00,50.89131166666667
2024-02-04 20:00:00+00:00,48.89555083333334
2024-02-04 21:00:00+00:00,39.3019075
2024-02-04 22:00:00+00:00,41.15791083333333
2024-02-04 23:00:00+00:00,45.922205
2024-02-05 00:00:00+00:00,46.96752916666667
2024-02-05 01:00:00+00:00,51.70377083333333
2024-02-05 02:00:00+00:00,52.208825
2024-02-05 03:00:00+00:00,51.28141416666667
2024-02-05 04:00:00+00:00,50.904043333333334
2024-02-05 05:00:00+00:00,49.428958333333334
2024-02-05 06:00:00+00:00,55.647256666666664
2024-02-05 07:00:00+00:00,54.57109333333333
2024-02-05 08:00:00+00:00,48.156582500000006
2024-02-05 09:00:00+00:00,51.072235
2024-02-05 10:00:00+00:00,53.68210833333333
2024-02-05 11:00:00+00:00,56.20604083333333
2024-02-05 12:00:00+00:00,54.29385166666666
2024-02-05 13:00:00+00:00,50.332753333333336
2024-02-05 14:00:00+00:00,42.38610583333333
2024-02-05 15:00:00+00:00,41.9906
2024-02-05 16:00:00+00:00,46.66724333333334
2024-02-05 17:00:00+00:00,41.370645
2024-02-05 18:00:00+00:00,39.717484166666665
2024-02-05 19:00:00+00:00,41.81577333333333
2024-02-05 20:00:00+00:00,51.86138416666666
2024-02-05 21:00:00+00:00,63.03346
2024-02-05 22:00:00+00:00,69.94029
2024-02-05 23:00:00+00:00,66.02216916666667
2024-02-06 00:00:00+00:00,64.844745
2024-02-06 01:00:00+00:00,65.19717
2024-02-06 02:00:00+00:00,60.47457166666667
2024-02-06 03:00:00+00:00,65.45075416666667
2024-02-06 04:00:00+00:00,55.10092666666667
2024-02-06 05:00:00+00:00,53.538670833333335
2024-02-06 06:00:00+00:00,44.46036833333333
2024-02-06 07:00:00+00:00,48.87614333333334
2024-02-06 08:00:00+00:00,47.6633075
2024-02-06 09:00:00+00:00,45.6475225
2024-02-06 10:00:00+00:00,47.76191166666666
2024-02-06 11:00:00+00:00,48.96426833333334
2024-02-06 12:00:00+00:00,52.292229166666665
2024-02-06 13:00:00+00:00,50.34589416666666
2024-02-06 14:00:00+00:00,55.72069666666667
2024-02-06 15:00:00+00:00,61.16033166666667
2024-02-06 16:00:00+00:00,125.734345
2024-02-06 17:00:00+00:00,59.66169
2024-02-06 18:00:00+00:00,45.452730833333334
2024-02-06 19:00:00+00:00,35.33721083333334
2024-02-06 20:00:00+00:00,40.358911666666664
2024-02-06 21:00:00+00:00,42.159729166666665
2024-02-06 22:00:00+00:00,49.90716416666667
2024-02-06 23:00:00+00:00,51.92111666666667
2024-02-07 00:00:00+00:00,47.217414999999995
2024-02-07 01:00:00+00:00,46.62257416666666
2024-02-07 02:00:00+00:00,50.15835416666667
2024-02-07 03:00:00+00:00,48.69970416666666
2024-02-07 04:00:00+00:00,47.406440833333335
2024-02-07 05:00:00+00:00,42.32221083333334
2024-02-07 06:00:00+00:00,44.46505666666667
2024-02-07 07:00:00+00:00,40.80630083333333
2024-02-07 08:00:00+00:00,42.35863083333333
2024-02-07 09:00:00+00:00,41.289994166666666
2024-02-07 10:00:00+00:00,42.39205583333334
2024-02-07 11:00:00+00:00,41.57962416666667
2024-02-07 12:00:00+00:00,41.957663333333336
2024-02-07 13:00:00+00:00,44.53759
2024-02-07 14:00:00+00:00,55.40644833333334
2024-02-07 15:00:00+00:00,51.03452333333333
2024-02-07 16:00:00+00:00,39.153283333333334
2024-02-07 17:00:00+00:00,58.18403833333334
2024-02-07 18:00:00+00:00,57.415263333333336
2024-02-07 19:00:00+00:00,59.0374425
2024-02-07 20:00:00+00:00,59.5500175
2024-02-07 21:00:00+00:00,67.00455666666666
2024-02-07 22:00:00+00:00,62.52314333333334
2024-02-07 23:00:00+00:00,59.007173333333334
2024-02-08 00:00:00+00:00,45.874201666666664
2024-02-08 01:00:00+00:00,47.2319425
2024-02-08 02:00:00+00:00,48.102735833333334
2024-02-08 03:00:00+00:00,48.574594999999995
2024-02-08 04:00:00+00:00,51.84650333333334
2024-02-08 05:00:00+00:00,49.12658583333334
2024-02-08 06:00:00+00:00,46.3888025
2024-02-08 07:00:00+00:00,42.66473083333333
2024-02-08 08:00:00+00:00,43.14711416666666
2024-02-08 09:00:00+00:00,43.557521666666666
2024-02-08 10:00:00+00:00,43.437819166666664
2024-02-08 11:00:00+00:00,41.83766333333333
2024-02-08 12:00:00+00:00,45.586129166666666
2024-02-08 13:00:00+00:00,43.69142333333334
2024-02-08 14:00:00+00:00,52.49827
2024-02-08 15:00:00+00:00,57.2514225
2024-02-08 16:00:00+00:00,42.67888416666667
2024-02-08 17:00:00+00:00,29.256064166666665
2024-02-08 18:00:00+00:00,28.57614583333333
2024-02-08 19:00:00+00:00,35.30529
2024-02-08 20:00:00+00:00,30.59286
2024-02-08 21:00:00+00:00,31.006069999999998
2024-02-08 22:00:00+00:00,22.840934166666667
2024-02-08 23:00:00+00:00,16.607370833333334
2024-02-09 00:00:00+00:00,35.34605166666667
2024-02-09 01:00:00+00:00,55.087313333333334
2024-02-09 02:00:00+00:00,56.91112833333333
2024-02-09 03:00:00+00:00,58.727785000000004
2024-02-09 04:00:00+00:00,64.02066166666667
2024-02-09 05:00:00+00:00,59.92782583333334
2024-02-09 06:00:00+00:00,46.835527500000005
2024-02-09 07:00:00+00:00,41.593449166666666
2024-02-09 08:00:00+00:00,43.80701166666666
2024-02-09 09:00:00+00:00,40.32996583333333
2024-02-09 10:00:00+00:00,40.65621
2024-02-09 11:00:00+00:00,49.46930916666667
2024-02-09 12:00:00+00:00,52.43290916666666
2024-02-09 13:00:00+00:00,53.86373916666667
2024-02-09 14:00:00+00:00,59.74955416666666
2024-02-09 15:00:00+00:00,57.3116925
2024-02-09 16:00:00+00:00,42.19058666666667
2024-02-09 17:00:00+00:00,43.814315
2024-02-09 18:00:00+00:00,38.38688916666667
2024-02-09 19:00:00+00:00,34.48791166666667
2024-02-09 20:00:00+00:00,34.016056666666664
2024-02-09 21:00:00+00:00,33.80622
2024-02-09 22:00:00+00:00,35.91622833333333
2024-02-09 23:00:00+00:00,36.78032666666667
2024-02-10 00:00:00+00:00,44.523657500000006
2024-02-10 01:00:00+00:00,54.436508333333336
2024-02-10 02:00:00+00:00,57.02184916666667
2024-02-10 03:00:00+00:00,57.69279
2024-02-10 04:00:00+00:00,58.3662875
2024-02-10 05:00:00+00:00,59.13960583333333
2024-02-10 06:00:00+00:00,57.346022500000004
2024-02-10 07:00:00+00:00,54.05527916666667
2024-02-10 08:00:00+00:00,52.303889166666664
2024-02-10 09:00:00+00:00,49.83703416666666
2024-02-10 10:00:00+00:00,54.81637666666666
2024-02-10 11:00:00+00:00,65.95869416666666
2024-02-10 12:00:00+00:00,63.57866166666667
2024-02-10 13:00:00+00:00,70.91409833333334
2024-02-10 14:00:00+00:00,77.81894416666667
2024-02-10 15:00:00+00:00,87.14553916666667
2024-02-10 16:00:00+00:00,43.294221666666665
2024-02-10 17:00:00+00:00,45.34949
2024-02-10 18:00:00+00:00,24.30465083333333
2024-02-10 19:00:00+00:00,23.043155833333334
2024-02-10 20:00:00+00:00,17.637330833333333
2024-02-10 21:00:00+00:00,20.999628333333334
2024-02-10 22:00:00+00:00,22.080828333333333
2024-02-10 23:00:00+00:00,30.824405833333334
2024-02-11 00:00:00+00:00,47.19664583333333
2024-02-11 01:00:00+00:00,57.911617500000006
2024-02-11 02:00:00+00:00,57.36937916666667
2024-02-11 03:00:00+00:00,58.13903416666667
2024-02-11 04:00:00+00:00,62.516018333333335
2024-02-11 05:00:00+00:00,72.14020666666667
2024-02-11 06:00:00+00:00,69.96926333333333
2024-02-11 07:00:00+00:00,62.2958725
2024-02-11 08:00:00+00:00,62.40116416666667
2024-02-11 09:00:00+00:00,56.69779
2024-02-11 10:00:00+00:00,44.89217416666667
2024-02-11 11:00:00+00:00,50.585814166666665
2024-02-11 12:00:00+00:00,45.14944500000001
2024-02-11 13:00:00+00:00,54.908770833333335
2024-02-11 14:00:00+00:00,63.29879416666666
2024-02-11 15:00:00+00:00,43.09943333333333
2024-02-11 16:00:00+00:00,41.16755166666667
2024-02-11 17:00:00+00:00,54.50724666666667
2024-02-11 18:00:00+00:00,48.057920833333334
2024-02-11 19:00:00+00:00,48.564095
2024-02-11 20:00:00+00:00,56.580488333333335
2024-02-11 21:00:00+00:00,49.87954333333334
2024-02-11 22:00:00+00:00,33.143899166666664
2024-02-11 23:00:00+00:00,36.816766666666666
2024-02-12 00:00:00+00:00,33.65512583333334
2024-02-12 01:00:00+00:00,49.7991075
2024-02-12 02:00:00+00:00,46.04787166666667
2024-02-12 03:00:00+00:00,46.919864999999994
2024-02-12 04:00:00+00:00,50.10969666666667
2024-02-12 05:00:00+00:00,55.87732416666666
2024-02-12 06:00:00+00:00,47.78576416666667
2024-02-12 07:00:00+00:00,39.661345000000004
2024-02-12 08:00:00+00:00,41.0466025
2024-02-12 09:00:00+00:00,39.707390833333335
2024-02-12 10:00:00+00:00,38.49409833333333
2024-02-12 11:00:00+00:00,39.767115833333335
2024-02-12 12:00:00+00:00,40.81866083333333
2024-02-12 13:00:00+00:00,43.72246916666666
2024-02-12 14:00:00+00:00,45.98621333333333
2024-02-12 15:00:00+00:00,35.24593083333333
2024-02-12 16:00:00+00:00,28.61367
2024-02-12 17:00:00+00:00,32.37378666666667
2024-02-12 18:00:00+00:00,26.28297333333333
2024-02-12 19:00:00+00:00,22.308798333333332
2024-02-12 20:00:00+00:00,6.918055833333334
2024-02-12 21:00:00+00:00,6.548524166666667
2024-02-12 22:00:00+00:00,7.699674166666667
2024-02-12 23:00:00+00:00,13.828867500000001
2024-02-13 00:00:00+00:00,37.59585916666666
2024-02-13 01:00:00+00:00,52.156591666666664
2024-02-13 02:00:00+00:00,51.59628583333333
2024-02-13 03:00:00+00:00,53.58785583333333
2024-02-13 04:00:00+00:00,53.618622499999994
2024-02-13 05:00:00+00:00,46.62616666666667
2024-02-13 06:00:00+00:00,42.274881666666666
2024-02-13 07:00:00+00:00,38.538155833333334
2024-02-13 08:00:00+00:00,43.097273333333334
2024-02-13 09:00:00+00:00,38.181871666666666
2024-02-13 10:00:00+00:00,38.49540916666667
2024-02-13 11:00:00+00:00,40.58936333333333
2024-02-13 12:00:00+00:00,45.699905
2024-02-13 13:00:00+00:00,48.67568083333333
2024-02-13 14:00:00+00:00,49.2584
2024-02-13 15:00:00+00:00,46.76612166666666
2024-02-13 16:00:00+00:00,59.414764999999996
2024-02-13 17:00:00+00:00,54.58387666666667
2024-02-13 18:00:00+00:00,45.2135625
2024-02-13 19:00:00+00:00,43.95722583333333
2024-02-13 20:00:00+00:00,43.683975000000004
2024-02-13 21:00:00+00:00,39.467215
2024-02-13 22:00:00+00:00,37.685275833333336
2024-02-13 23:00:00+00:00,42.726235
2024-02-14 00:00:00+00:00,41.64062666666667
2024-02-14 01:00:00+00:00,48.71066083333333
2024-02-14 02:00:00+00:00,53.753590833333334
2024-02-14 03:00:00+00:00,53.657446666666665
2024-02-14 04:00:00+00:00,55.60929083333334
2024-02-14 05:00:00+00:00,54.36266916666667
2024-02-14 06:00:00+00:00,46.251178333333336
2024-02-14 07:00:00+00:00,38.928849166666666
2024-02-14 08:00:00+00:00,40.433390833333334
2024-02-14 09:00:00+00:00,41.36897
2024-02-14 10:00:00+00:00,42.231250833333334
2024-02-14 11:00:00+00:00,43.92083916666667
2024-02-14 12:00:00+00:00,44.73612666666667
2024-02-14 13:00:00+00:00,48.01557416666666
2024-02-14 14:00:00+00:00,49.108194166666664
2024-02-14 15:00:00+00:00,41.52180416666666
2024-02-14 16:00:00+00:00,35.774295
2024-02-14 17:00:00+00:00,44.24067083333333
2024-02-14 18:00:00+00:00,49.76876083333334
2024-02-14 19:00:00+00:00,54.099668333333334
2024-02-14 20:00:00+00:00,57.03693666666667
2024-02-14 21:00:00+00:00,58.870869166666665
2024-02-14 22:00:00+00:00,55.3154075
2024-02-14 23:00:00+00:00,37.425472500000005
2024-02-15 00:00:00+00:00,41.868590833333336
2024-02-15 01:00:00+00:00,56.996762499999996
2024-02-15 02:00:00+00:00,56.04749999999999
2024-02-15 03:00:00+00:00,56.04
2024-02-15 04:00:00+00:00,56.807500000000005
2024-02-15 05:00:00+00:00,55.0174525
2024-02-15 06:00:00+00:00,49.79014083333333
2024-02-15 07:00:00+00:00,41.59424333333333
2024-02-15 08:00:00+00:00,44.387683333333335
2024-02-15 09:00:00+00:00,45.345236666666665
2024-02-15 10:00:00+00:00,39.97876333333333
2024-02-15 11:00:00+00:00,37.085099166666666
2024-02-15 12:00:00+00:00,38.19710583333333
2024-02-15 13:00:00+00:00,40.8656975
2024-02-15 14:00:00+00:00,49.8221775
2024-02-15 15:00:00+00:00,47.57921166666667
2024-02-15 16:00:00+00:00,50.04853833333333
2024-02-15 17:00:00+00:00,43.8541975
2024-02-15 18:00:00+00:00,37.30070916666667
2024-02-15 19:00:00+00:00,39.143568333333334
2024-02-15 20:00:00+00:00,34.855736666666665
2024-02-15 21:00:00+00:00,32.94799
2024-02-15 22:00:00+00:00,34.65398916666667
2024-02-15 23:00:00+00:00,32.664282500000006
2024-02-16 00:00:00+00:00,44.970305833333335
2024-02-16 01:00:00+00:00,48.73747
2024-02-16 02:00:00+00:00,48.703923333333336
2024-02-16 03:00:00+00:00,47.199999166666665
2024-02-16 04:00:00+00:00,46.917545
2024-02-16 05:00:00+00:00,41.319795
2024-02-16 06:00:00+00:00,39.04040083333333
2024-02-16 07:00:00+00:00,37.660671666666666
2024-02-16 08:00:00+00:00,43.8354275
2024-02-16 09:00:00+00:00,43.420342500000004
2024-02-16 10:00:00+00:00,42.47908666666667
2024-02-16 11:00:00+00:00,44.2249225
2024-02-16 12:00:00+00:00,44.903279999999995
2024-02-16 13:00:00+00:00,46.30325083333333
2024-02-16 14:00:00+00:00,55.0848425
2024-02-16 15:00:00+00:00,47.31811416666667
2024-02-16 16:00:00+00:00,54.89923833333333
2024-02-16 17:00:00+00:00,39.09095833333333
2024-02-16 18:00:00+00:00,45.02233833333333
2024-02-16 19:00:00+00:00,45.888845833333335
2024-02-16 20:00:00+00:00,39.186865833333336
2024-02-16 21:00:00+00:00,40.2446475
2024-02-16 22:00:00+00:00,48.240834166666666
2024-02-16 23:00:00+00:00,47.93386583333333
2024-02-17 00:00:00+00:00,49.85795916666667
2024-02-17 01:00:00+00:00,52.25475
2024-02-17 02:00:00+00:00,50.284468333333336
2024-02-17 03:00:00+00:00,52.175405000000005
2024-02-17 04:00:00+00:00,54.04902666666667
2024-02-17 05:00:00+00:00,54.79853083333333
2024-02-17 06:00:00+00:00,55.77016750000001
2024-02-17 07:00:00+00:00,59.503417500000005
2024-02-17 08:00:00+00:00,63.52406
2024-02-17 09:00:00+00:00,56.18477416666667
2024-02-17 10:00:00+00:00,55.0351025
2024-02-17 11:00:00+00:00,48.50287583333333
2024-02-17 12:00:00+00:00,52.29210583333333
2024-02-17 13:00:00+00:00,47.21520916666666
2024-02-17 14:00:00+00:00,46.42079666666667
2024-02-17 15:00:00+00:00,49.00653
2024-02-17 16:00:00+00:00,68.87435916666666
2024-02-17 17:00:00+00:00,87.66182250000001
2024-02-17 18:00:00+00:00,83.99224333333333
2024-02-17 19:00:00+00:00,77.457575
2024-02-17 20:00:00+00:00,97.008705
2024-02-17 21:00:00+00:00,69.42176416666666
2024-02-17 22:00:00+00:00,52.41048583333333
2024-02-17 23:00:00+00:00,51.9110125
2024-02-18 00:00:00+00:00,56.07439333333334
2024-02-18 01:00:00+00:00,52.60845166666667
2024-02-18 02:00:00+00:00,50.12779416666667
2024-02-18 03:00:00+00:00,50.434509166666665
2024-02-18 04:00:00+00:00,59.178931666666664
2024-02-18 05:00:00+00:00,61.11486583333333
2024-02-18 06:00:00+00:00,62.72450166666667
2024-02-18 07:00:00+00:00,63.27122
2024-02-18 08:00:00+00:00,63.83590833333333
2024-02-18 09:00:00+00:00,59.46747250000001
2024-02-18 10:00:00+00:00,53.644489166666666
2024-02-18 11:00:00+00:00,49.95408166666667
2024-02-18 12:00:00+00:00,43.47806166666667
2024-02-18 13:00:00+00:00,40.44527583333333
2024-02-18 14:00:00+00:00,42.758915
2024-02-18 15:00:00+00:00,38.35267666666667
2024-02-18 16:00:00+00:00,37.309511666666666
2024-02-18 17:00:00+00:00,17.073886666666667
2024-02-18 18:00:00+00:00,-7.468811666666666
2024-02-18 19:00:00+00:00,-46.21167833333333
2024-02-18 20:00:00+00:00,-66.19942166666667
2024-02-18 21:00:00+00:00,-49.64955416666667
2024-02-18 22:00:00+00:00,12.563858333333334
2024-02-18 23:00:00+00:00,45.0740875
2024-02-19 00:00:00+00:00,43.99400666666667
2024-02-19 01:00:00+00:00,48.60223916666666
2024-02-19 02:00:00+00:00,44.22847166666667
2024-02-19 03:00:00+00:00,41.709290833333334
2024-02-19 04:00:00+00:00,43.94362666666667
2024-02-19 05:00:00+00:00,45.638885833333326
2024-02-19 06:00:00+00:00,37.641281666666664
2024-02-19 07:00:00+00:00,34.573465
2024-02-19 08:00:00+00:00,33.33631916666666
2024-02-19 09:00:00+00:00,34.19928083333333
2024-02-19 10:00:00+00:00,32.457078333333335
2024-02-19 11:00:00+00:00,32.57110166666667
2024-02-19 12:00:00+00:00,32.981095833333335
2024-02-19 13:00:00+00:00,34.0122575
2024-02-19 14:00:00+00:00,39.116715
2024-02-19 15:00:00+00:00,33.99478166666667
2024-02-19 16:00:00+00:00,26.417021666666667
2024-02-19 17:00:00+00:00,18.126255833333335
2024-02-19 18:00:00+00:00,23.9658725
2024-02-19 19:00:00+00:00,24.077451666666665
2024-02-19 20:00:00+00:00,18.622240833333333
2024-02-19 21:00:00+00:00,22.68314666666667
2024-02-19 22:00:00+00:00,13.758586666666666
2024-02-19 23:00:00+00:00,19.900281666666668
2024-02-20 00:00:00+00:00,41.921211666666665
2024-02-20 01:00:00+00:00,51.29790416666666
2024-02-20 02:00:00+00:00,48.334198333333326
2024-02-20 03:00:00+00:00,52.21276333333333
2024-02-20 04:00:00+00:00,51.84127166666667
2024-02-20 05:00:00+00:00,50.533473333333326
2024-02-20 06:00:00+00:00,40.41127916666667
2024-02-20 07:00:00+00:00,33.296774166666665
2024-02-20 08:00:00+00:00,37.052371666666666
2024-02-20 09:00:00+00:00,33.4956675
2024-02-20 10:00:00+00:00,34.50461083333334
2024-02-20 11:00:00+00:00,34.65745166666667
2024-02-20 12:00:00+00:00,34.96424
2024-02-20 13:00:00+00:00,39.575495
2024-02-20 14:00:00+00:00,38.90978916666666
2024-02-20 15:00:00+00:00,36.470259166666665
2024-02-20 16:00:00+00:00,32.3607775
2024-02-20 17:00:00+00:00,31.979326666666665
2024-02-20 18:00:00+00:00,29.06751583333333
2024-02-20 19:00:00+00:00,31.78841583333333
2024-02-20 20:00:00+00:00,39.77766166666667
2024-02-20 21:00:00+00:00,46.033188333333335
2024-02-20 22:00:00+00:00,53.53992
2024-02-20 23:00:00+00:00,58.090062499999995
2024-02-21 00:00:00+00:00,55.79606833333333
2024-02-21 01:00:00+00:00,52.50021
2024-02-21 02:00:00+00:00,55.39079666666667
2024-02-21 03:00:00+00:00,54.5601025
2024-02-21 04:00:00+00:00,55.55910666666667
2024-02-21 05:00:00+00:00,51.0383675
2024-02-21 06:00:00+00:00,38.7587775
2024-02-21 07:00:00+00:00,34.416788333333336
2024-02-21 08:00:00+00:00,37.510465
2024-02-21 09:00:00+00:00,36.10355833333333
2024-02-21 10:00:00+00:00,36.59796083333333
2024-02-21 11:00:00+00:00,39.45796416666666
2024-02-21 12:00:00+00:00,40.8894325
2024-02-21 13:00:00+00:00,42.884161666666664
2024-02-21 14:00:00+00:00,43.13637416666666
2024-02-21 15:00:00+00:00,36.69007916666667
2024-02-21 16:00:00+00:00,26.398774166666666
2024-02-21 17:00:00+00:00,24.364683333333332
2024-02-21 18:00:00+00:00,19.861585833333333
2024-02-21 19:00:00+00:00,17.425317500000002
2024-02-21 20:00:00+00:00,21.534355833333333
2024-02-21 21:00:00+00:00,23.411051666666665
2024-02-21 22:00:00+00:00,22.992604999999998
2024-02-21 23:00:00+00:00,35.60048
2024-02-22 00:00:00+00:00,36.656082500000004
2024-02-22 01:00:00+00:00,45.67132
2024-02-22 02:00:00+00:00,47.466475833333334
2024-02-22 03:00:00+00:00,43.83074333333334
2024-02-22 04:00:00+00:00,39.05746416666667
2024-02-22 05:00:00+00:00,35.635005
2024-02-22 06:00:00+00:00,33.31004166666666
2024-02-22 07:00:00+00:00,30.643262500000002
2024-02-22 08:00:00+00:00,30.866933333333336
2024-02-22 09:00:00+00:00,29.4374925
2024-02-22 10:00:00+00:00,30.046291666666665
2024-02-22 11:00:00+00:00,31.980025833333332
2024-02-22 12:00:00+00:00,35.8624125
2024-02-22 13:00:00+00:00,38.921825
2024-02-22 14:00:00+00:00,41.15634416666666
2024-02-22 15:00:00+00:00,34.00196
2024-02-22 16:00:00+00:00,21.853345833333332
2024-02-22 17:00:00+00:00,20.083265833333332
2024-02-22 18:00:00+00:00,14.404781666666667
2024-02-22 19:00:00+00:00,12.827745
2024-02-22 20:00:00+00:00,7.838683333333333
2024-02-22 21:00:00+00:00,2.2908741666666668
2024-02-22 22:00:00+00:00,-12.652440833333335
2024-02-22 23:00:00+00:00,-12.964980833333334
2024-02-23 00:00:00+00:00,16.787020833333333
2024-02-23 01:00:00+00:00,44.91471083333334
2024-02-23 02:00:00+00:00,43.001455
2024-02-23 03:00:00+00:00,44.58956416666666
2024-02-23 04:00:00+00:00,39.15244416666667
2024-02-23 05:00:00+00:00,36.24982
2024-02-23 06:00:00+00:00,34.37345416666667
2024-02-23 07:00:00+00:00,29.92390416666667
2024-02-23 08:00:00+00:00,33.67135666666667
2024-02-23 09:00:00+00:00,32.14098333333333
2024-02-23 10:00:00+00:00,31.84143333333333
2024-02-23 11:00:00+00:00,32.600315
2024-02-23 12:00:00+00:00,32.44839416666667
2024-02-23 13:00:00+00:00,36.15828083333333
2024-02-23 14:00:00+00:00,39.249318333333335
2024-02-23 15:00:00+00:00,34.57565
2024-02-23 16:00:00+00:00,26.070610000000002
2024-02-23 17:00:00+00:00,14.640865
2024-02-23 18:00:00+00:00,12.058376666666668
2024-02-23 19:00:00+00:00,10.752654166666666
2024-02-23 20:00:00+00:00,6.788490833333333
2024-02-23 21:00:00+00:00,2.91926
2024-02-23 22:00:00+00:00,-2.912194166666666
2024-02-23 23:00:00+00:00,-7.192798333333333
2024-02-24 00:00:00+00:00,22.153636666666667
2024-02-24 01:00:00+00:00,35.82856916666667
2024-02-24 02:00:00+00:00,32.76251083333333
2024-02-24 03:00:00+00:00,32.4404775
2024-02-24 04:00:00+00:00,32.09144333333334
2024-02-24 05:00:00+00:00,32.047019166666665
2024-02-24 06:00:00+00:00,32.28588833333333
2024-02-24 07:00:00+00:00,31.861700833333334
2024-02-24 08:00:00+00:00,34.15986
2024-02-24 09:00:00+00:00,30.797823333333337
2024-02-24 10:00:00+00:00,30.40026333333333
2024-02-24 11:00:00+00:00,28.467007499999998
2024-02-24 12:00:00+00:00,26.331522500000002
2024-02-24 13:00:00+00:00,27.155424166666666
2024-02-24 14:00:00+00:00,30.441892499999998
2024-02-24 15:00:00+00:00,25.491725000000002
2024-02-24 16:00:00+00:00,8.75501
2024-02-24 17:00:00+00:00,-7.309655833333333
2024-02-24 18:00:00+00:00,-19.6498325
2024-02-24 19:00:00+00:00,-40.73300583333333
2024-02-24 20:00:00+00:00,-53.8321675
2024-02-24 21:00:00+00:00,-48.46291416666667
2024-02-24 22:00:00+00:00,-44.906464166666666
2024-02-24 23:00:00+00:00,-35.7327975
2024-02-25 00:00:00+00:00,4.5432025000000005
2024-02-25 01:00:00+00:00,28.434906666666667
2024-02-25 02:00:00+00:00,26.080243333333332
2024-02-25 03:00:00+00:00,21.744341666666667
2024-02-25 04:00:00+00:00,23.69430583333333
2024-02-25 05:00:00+00:00,24.004316666666668
2024-02-25 06:00:00+00:00,19.543760833333334
2024-02-25 07:00:00+00:00,14.229205833333333
2024-02-25 08:00:00+00:00,24.769425833333333
2024-02-25 09:00:00+00:00,23.018631666666668
2024-02-25 10:00:00+00:00,22.423119166666666
2024-02-25 11:00:00+00:00,21.368738333333336
2024-02-25 12:00:00+00:00,19.381634166666668
2024-02-25 13:00:00+00:00,18.794463333333333
2024-02-25 14:00:00+00:00,16.665775
2024-02-25 15:00:00+00:00,9.458675
2024-02-25 16:00:00+00:00,-4.3566125
2024-02-25 17:00:00+00:00,-12.5541575
2024-02-25 18:00:00+00:00,-28.588382499999998
2024-02-25 19:00:00+00:00,-37.208193333333334
2024-02-25 20:00:00+00:00,-43.30376166666667
2024-02-25 21:00:00+00:00,-36.454564999999995
2024-02-25 22:00:00+00:00,-33.43584833333333
2024-02-25 23:00:00+00:00,-20.551998333333334
2024-02-26 00:00:00+00:00,7.739535833333334
2024-02-26 01:00:00+00:00,27.04956083333333
2024-02-26 02:00:00+00:00,29.856098333333335
2024-02-26 03:00:00+00:00,29.681450833333333
2024-02-26 04:00:00+00:00,30.368055
2024-02-26 05:00:00+00:00,29.838899166666668
2024-02-26 06:00:00+00:00,25.444295
2024-02-26 07:00:00+00:00,19.629943333333333
2024-02-26 08:00:00+00:00,21.554878333333335
2024-02-26 09:00:00+00:00,19.50149083333333
2024-02-26 10:00:00+00:00,21.52274
2024-02-26 11:00:00+00:00,23.651013333333335
2024-02-26 12:00:00+00:00,23.797983333333335
2024-02-26 13:00:00+00:00,27.011971666666668
2024-02-26 14:00:00+00:00,31.46593083333333
2024-02-26 15:00:00+00:00,42.05113333333333
2024-02-26 16:00:00+00:00,30.635475
2024-02-26 17:00:00+00:00,28.348811666666666
2024-02-26 18:00:00+00:00,28.271271666666667
2024-02-26 19:00:00+00:00,25.370685833333336
2024-02-26 20:00:00+00:00,21.75856333333333
2024-02-26 21:00:00+00:00,30.380191666666665
2024-02-26 22:00:00+00:00,35.63609833333333
2024-02-26 23:00:00+00:00,31.193190833333333
2024-02-27 00:00:00+00:00,35.42291166666667
2024-02-27 01:00:00+00:00,35.8307
2024-02-27 02:00:00+00:00,35.072422499999995
2024-02-27 03:00:00+00:00,33.994735
2024-02-27 04:00:00+00:00,31.7507525
2024-02-27 05:00:00+00:00,31.7601425
2024-02-27 06:00:00+00:00,29.427981666666668
2024-02-27 07:00:00+00:00,20.757558333333332
2024-02-27 08:00:00+00:00,20.238519999999998
2024-02-27 09:00:00+00:00,17.355790833333334
2024-02-27 10:00:00+00:00,17.219216666666668
2024-02-27 11:00:00+00:00,25.200723333333332
2024-02-27 12:00:00+00:00,29.487421666666666
2024-02-27 13:00:00+00:00,31.0302275
2024-02-27 14:00:00+00:00,40.14160416666667
2024-02-27 15:00:00+00:00,28.861842499999998
2024-02-27 16:00:00+00:00,13.019481666666666
2024-02-27 17:00:00+00:00,10.837683333333333
2024-02-27 18:00:00+00:00,0.738020833333333
2024-02-27 19:00:00+00:00,-10.097497500000001
2024-02-27 20:00:00+00:00,-13.73823
2024-02-27 21:00:00+00:00,-8.5266625
2024-02-27 22:00:00+00:00,-13.8326775
2024-02-27 23:00:00+00:00,1.1360608333333333
2024-02-28 00:00:00+00:00,18.7469
2024-02-28 01:00:00+00:00,40.460255833333335
2024-02-28 02:00:00+00:00,42.12552916666667
2024-02-28 03:00:00+00:00,40.52844916666667
2024-02-28 04:00:00+00:00,40.66672
2024-02-28 05:00:00+00:00,39.35248083333334
2024-02-28 06:00:00+00:00,33.539274166666665
2024-02-28 07:00:00+00:00,33.52255
2024-02-28 08:00:00+00:00,33.0497425
2024-02-28 09:00:00+00:00,33.78642416666667
2024-02-28 10:00:00+00:00,33.65051583333334
2024-02-28 11:00:00+00:00,33.4082925
2024-02-28 12:00:00+00:00,32.750386666666664
2024-02-28 13:00:00+00:00,36.851054166666664
2024-02-28 14:00:00+00:00,43.713997500000005
2024-02-28 15:00:00+00:00,20.677940833333334
2024-02-28 16:00:00+00:00,11.983827499999999
2024-02-28 17:00:00+00:00,20.729760833333334
2024-02-28 18:00:00+00:00,18.5937425
2024-02-28 19:00:00+00:00,18.170132499999998
2024-02-28 20:00:00+00:00,13.3157525
2024-02-28 21:00:00+00:00,14.273143333333332
2024-02-28 22:00:00+00:00,11.338459166666667
2024-02-28 23:00:00+00:00,6.1020475
2024-02-29 00:00:00+00:00,12.486523333333333
2024-02-29 01:00:00+00:00,36.823544166666665
2024-02-29 02:00:00+00:00,35.89472416666667
2024-02-29 03:00:00+00:00,34.23217666666667
2024-02-29 04:00:00+00:00,32.540805
2024-02-29 05:00:00+00:00,31.294416666666667
2024-02-29 06:00:00+00:00,32.27919083333333
2024-02-29 07:00:00+00:00,31.2580075
2024-02-29 08:00:00+00:00,27.93265
2024-02-29 09:00:00+00:00,29.6883275
2024-02-29 10:00:00+00:00,30.166521666666668
2024-02-29 11:00:00+00:00,27.313260833333334
2024-02-29 12:00:00+00:00,26.279720833333332
2024-02-29 13:00:00+00:00,30.154319166666667
2024-02-29 14:00:00+00:00,34.0122325
2024-02-29 15:00:00+00:00,22.305620833333336
2024-02-29 16:00:00+00:00,24.206636666666668
2024-02-29 17:00:00+00:00,28.995921666666664
2024-02-29 18:00:00+00:00,37.616209166666664
2024-02-29 19:00:00+00:00,32.55488416666667
2024-02-29 20:00:00+00:00,34.921794999999996
2024-02-29 21:00:00+00:00,34.15183833333333
2024-02-29 22:00:00+00:00,26.856069166666668
2024-02-29 23:00:00+00:00,8.746023333333333
2024-03-01 00:00:00+00:00,14.427595000000002
2024-03-01 01:00:00+00:00,37.656328333333335
2024-03-01 02:00:00+00:00,40.06858833333333
2024-03-01 03:00:00+00:00,37.548089166666664
2024-03-01 04:00:00+00:00,36.71397666666667
2024-03-01 05:00:00+00:00,36.9567025
2024-03-01 06:00:00+00:00,32.111126666666664
2024-03-01 07:00:00+00:00,28.74374333333333
2024-03-01 08:00:00+00:00,33.17816333333334
2024-03-01 09:00:00+00:00,30.3486375
2024-03-01 10:00:00+00:00,29.54496416666667
2024-03-01 11:00:00+00:00,30.882346666666667
2024-03-01 12:00:00+00:00,32.859761666666664
2024-03-01 13:00:00+00:00,33.43517833333333
2024-03-01 14:00:00+00:00,36.60420833333333
2024-03-01 15:00:00+00:00,38.519620833333335
2024-03-01 16:00:00+00:00,53.69859333333333
2024-03-01 17:00:00+00:00,46.836795
2024-03-01 18:00:00+00:00,38.27669083333333
2024-03-01 19:00:00+00:00,44.424306666666666
2024-03-01 20:00:00+00:00,58.29633666666666
2024-03-01 21:00:00+00:00,47.46489833333334
2024-03-01 22:00:00+00:00,15.995568333333333
2024-03-01 23:00:00+00:00,15.824800833333333
2024-03-02 00:00:00+00:00,27.869235833333335
2024-03-02 01:00:00+00:00,48.88523166666667
2024-03-02 02:00:00+00:00,47.091684166666674
2024-03-02 03:00:00+00:00,40.23117166666667
2024-03-02 04:00:00+00:00,38.38724916666667
2024-03-02 05:00:00+00:00,35.081114166666666
2024-03-02 06:00:00+00:00,34.36575166666667
2024-03-02 07:00:00+00:00,35.672830833333336
2024-03-02 08:00:00+00:00,32.07138333333334
2024-03-02 09:00:00+00:00,31.138328333333334
2024-03-02 10:00:00+00:00,32.464059166666665
2024-03-02 11:00:00+00:00,36.9360625
2024-03-02 12:00:00+00:00,32.92055833333333
2024-03-02 13:00:00+00:00,38.426496666666665
2024-03-02 14:00:00+00:00,32.091476666666665
2024-03-02 15:00:00+00:00,32.296595833333335
2024-03-02 16:00:00+00:00,45.61845333333333
2024-03-02 17:00:00+00:00,38.50024166666667
2024-03-02 18:00:00+00:00,25.065645833333335
2024-03-02 19:00:00+00:00,19.04232
2024-03-02 20:00:00+00:00,13.038098333333332
2024-03-02 21:00:00+00:00,19.656775
2024-03-02 22:00:00+00:00,18.8425075
2024-03-02 23:00:00+00:00,37.987865
2024-03-03 00:00:00+00:00,30.682194166666665
2024-03-03 01:00:00+00:00,39.698925833333334
2024-03-03 02:00:00+00:00,35.33763833333333
2024-03-03 03:00:00+00:00,33.86684916666667
2024-03-03 04:00:00+00:00,37.5807875
2024-03-03 05:00:00+00:00,43.15099583333333
2024-03-03 06:00:00+00:00,58.06666666666666
2024-03-03 07:00:00+00:00,64.8395025
2024-03-03 08:00:00+00:00,62.997231666666664
2024-03-03 09:00:00+00:00,66.27519
2024-03-03 10:00:00+00:00,51.134458333333335
2024-03-03 11:00:00+00:00,44.23323333333334
2024-03-03 12:00:00+00:00,45.05717583333333
2024-03-03 13:00:00+00:00,47.06279333333333
2024-03-03 14:00:00+00:00,44.0733875
2024-03-03 15:00:00+00:00,51.3265575
2024-03-03 16:00:00+00:00,51.91007583333334
2024-03-03 17:00:00+00:00,67.31883916666666
2024-03-03 18:00:00+00:00,58.8590275
2024-03-03 19:00:00+00:00,56.27154166666667
2024-03-03 20:00:00+00:00,54.1449725
2024-03-03 21:00:00+00:00,64.59075416666667
2024-03-03 22:00:00+00:00,68.00632833333333
2024-03-03 23:00:00+00:00,59.023846666666664
2024-03-04 00:00:00+00:00,42.17818666666667
2024-03-04 01:00:00+00:00,44.770736666666664
2024-03-04 02:00:00+00:00,41.4254325
2024-03-04 03:00:00+00:00,41.004957499999996
2024-03-04 04:00:00+00:00,45.06615166666666
2024-03-04 05:00:00+00:00,43.980894166666666
2024-03-04 06:00:00+00:00,38.42386083333333
2024-03-04 07:00:00+00:00,33.81470916666667
2024-03-04 08:00:00+00:00,34.934510833333334
2024-03-04 09:00:00+00:00,35.8414175
2024-03-04 10:00:00+00:00,33.52848083333333
2024-03-04 11:00:00+00:00,35.8786675
2024-03-04 12:00:00+00:00,40.419961666666666
2024-03-04 13:00:00+00:00,50.471151666666664
2024-03-04 14:00:00+00:00,52.06996
2024-03-04 15:00:00+00:00,38.95207333333334
2024-03-04 16:00:00+00:00,34.46503416666667
2024-03-04 17:00:00+00:00,30.115841666666668
2024-03-04 18:00:00+00:00,25.006975833333332
2024-03-04 19:00:00+00:00,30.58783916666667
2024-03-04 20:00:00+00:00,35.72598583333333
2024-03-04 21:00:00+00:00,42.8086275
2024-03-04 22:00:00+00:00,39.046213333333334
2024-03-04 23:00:00+00:00,41.14980833333333
2024-03-05 00:00:00+00:00,41.5696475
2024-03-05 01:00:00+00:00,48.97418083333333
2024-03-05 02:00:00+00:00,52.28027666666667
2024-03-05 03:00:00+00:00,61.06483583333334
2024-03-05 04:00:00+00:00,65.82063166666667
2024-03-05 05:00:00+00:00,61.3116
2024-03-05 06:00:00+00:00,57.33751083333333
2024-03-05 07:00:00+00:00,51.29665666666667
2024-03-05 08:00:00+00:00,49.47718333333333
2024-03-05 09:00:00+00:00,49.816894166666664
2024-03-05 10:00:00+00:00,49.42396666666667
2024-03-05 11:00:00+00:00,52.65430416666666
2024-03-05 12:00:00+00:00,51.50770666666667
2024-03-05 13:00:00+00:00,51.30885333333333
2024-03-05 14:00:00+00:00,67.4430275
2024-03-05 15:00:00+00:00,48.432790000000004
2024-03-05 16:00:00+00:00,32.26686333333333
2024-03-05 17:00:00+00:00,27.5438225
2024-03-05 18:00:00+00:00,24.218356666666665
2024-03-05 19:00:00+00:00,24.824926666666666
2024-03-05 20:00:00+00:00,25.054382500000003
2024-03-05 21:00:00+00:00,30.323062500000002
2024-03-05 22:00:00+00:00,35.59323166666667
2024-03-05 23:00:00+00:00,33.0541425
2024-03-06 00:00:00+00:00,37.731766666666665
2024-03-06 01:00:00+00:00,48.27995000000001
2024-03-06 02:00:00+00:00,50.61458
2024-03-06 03:00:00+00:00,46.471045000000004
2024-03-06 04:00:00+00:00,52.7068825
2024-03-06 05:00:00+00:00,47.03606083333333
2024-03-06 06:00:00+00:00,36.333475
2024-03-06 07:00:00+00:00,32.92498833333333
2024-03-06 08:00:00+00:00,41.296325
2024-03-06 09:00:00+00:00,40.1868375
2024-03-06 10:00:00+00:00,39.62222083333334
2024-03-06 11:00:00+00:00,38.39318083333333
2024-03-06 12:00:00+00:00,40.205414166666664
2024-03-06 13:00:00+00:00,39.731390833333336
2024-03-06 14:00:00+00:00,49.5810425
2024-03-06 15:00:00+00:00,49.38726166666667
2024-03-06 16:00:00+00:00,43.97900166666667
2024-03-06 17:00:00+00:00,34.72047833333333
2024-03-06 18:00:00+00:00,25.49229166666667
2024-03-06 19:00:00+00:00,32.106955
2024-03-06 20:00:00+00:00,40.719590833333335
2024-03-06 21:00:00+00:00,51.78642583333333
2024-03-06 22:00:00+00:00,53.88377583333334
2024-03-06 23:00:00+00:00,61.77359333333334
2024-03-07 00:00:00+00:00,65.2380875
2024-03-07 01:00:00+00:00,54.09496416666667
2024-03-07 02:00:00+00:00,52.62039416666667
2024-03-07 03:00:00+00:00,53.31582583333333
2024-03-07 04:00:00+00:00,53.20769416666667
2024-03-07 05:00:00+00:00,52.25377916666667
2024-03-07 06:00:00+00:00,44.63240833333333
2024-03-07 07:00:00+00:00,37.328630833333335
2024-03-07 08:00:00+00:00,42.64431416666667
2024-03-07 09:00:00+00:00,41.44172666666666
2024-03-07 10:00:00+00:00,41.72667333333333
2024-03-07 11:00:00+00:00,46.39953166666667
2024-03-07 12:00:00+00:00,44.459359166666665
2024-03-07 13:00:00+00:00,53.272932499999996
2024-03-07 14:00:00+00:00,79.88888666666666
2024-03-07 15:00:00+00:00,52.617545
2024-03-07 16:00:00+00:00,24.795983333333336
2024-03-07 17:00:00+00:00,19.901183333333332
2024-03-07 18:00:00+00:00,22.482861666666665
2024-03-07 19:00:00+00:00,-2.6612575
2024-03-07 20:00:00+00:00,-31.188395
2024-03-07 21:00:00+00:00,-27.277089166666666
2024-03-07 22:00:00+00:00,-5.009445
2024-03-07 23:00:00+00:00,-2.728174166666667
2024-03-08 00:00:00+00:00,19.583209166666666
2024-03-08 01:00:00+00:00,44.316586666666666
2024-03-08 02:00:00+00:00,48.062665833333334
2024-03-08 03:00:00+00:00,43.69222833333333
2024-03-08 04:00:00+00:00,44.53763583333333
2024-03-08 05:00:00+00:00,44.15196916666667
2024-03-08 06:00:00+00:00,36.04953166666667
2024-03-08 07:00:00+00:00,38.134840833333335
2024-03-08 08:00:00+00:00,43.7419175
2024-03-08 09:00:00+00:00,43.88594750000001
2024-03-08 10:00:00+00:00,45.60883166666667
2024-03-08 11:00:00+00:00,45.728033333333336
2024-03-08 12:00:00+00:00,45.01053916666667
2024-03-08 13:00:00+00:00,45.854285833333336
2024-03-08 14:00:00+00:00,57.450514166666665
2024-03-08 15:00:00+00:00,33.367356666666666
2024-03-08 16:00:00+00:00,20.2096525
2024-03-08 17:00:00+00:00,16.96238166666667
2024-03-08 18:00:00+00:00,10.255150833333333
2024-03-08 19:00:00+00:00,10.376545833333333
2024-03-08 20:00:00+00:00,8.462560833333333
2024-03-08 21:00:00+00:00,5.726385833333333
2024-03-08 22:00:00+00:00,3.455485833333334
2024-03-08 23:00:00+00:00,5.111711666666667
2024-03-09 00:00:00+00:00,22.7549875
2024-03-09 01:00:00+00:00,46.18278333333333
2024-03-09 02:00:00+00:00,41.149475833333334
2024-03-09 03:00:00+00:00,40.40659333333333
2024-03-09 04:00:00+00:00,47.685628333333334
2024-03-09 05:00:00+00:00,46.721875000000004
2024-03-09 06:00:00+00:00,47.993705
2024-03-09 07:00:00+00:00,47.7045925
2024-03-09 08:00:00+00:00,34.657427500000004
2024-03-09 09:00:00+00:00,36.739199166666666
2024-03-09 10:00:00+00:00,35.5381675
2024-03-09 11:00:00+00:00,35.65918333333333
2024-03-09 12:00:00+00:00,37.51997583333333
2024-03-09 13:00:00+00:00,41.4363425
2024-03-09 14:00:00+00:00,37.34777416666667
2024-03-09 15:00:00+00:00,22.194306666666666
2024-03-09 16:00:00+00:00,26.827519166666665
2024-03-09 17:00:00+00:00,27.03819083333333
2024-03-09 18:00:00+00:00,21.59571916666667
2024-03-09 19:00:00+00:00,8.579905833333333
2024-03-09 20:00:00+00:00,4.064944166666667
2024-03-09 21:00:00+00:00,-3.10953
2024-03-09 22:00:00+00:00,-13.855191666666668
2024-03-09 23:00:00+00:00,-17.432435833333333
2024-03-10 00:00:00+00:00,9.469813333333333
2024-03-10 01:00:00+00:00,38.696600833333335
2024-03-10 02:00:00+00:00,36.8273275
2024-03-10 03:00:00+00:00,36.61702416666667
2024-03-10 04:00:00+00:00,35.10927083333333
2024-03-10 05:00:00+00:00,39.18698583333333
2024-03-10 06:00:00+00:00,36.94667166666667
2024-03-10 07:00:00+00:00,34.418839999999996
2024-03-10 08:00:00+00:00,34.578325
2024-03-10 09:00:00+00:00,35.67829416666667
2024-03-10 10:00:00+00:00,37.025545
2024-03-10 11:00:00+00:00,35.667097500000004
2024-03-10 12:00:00+00:00,32.077308333333335
2024-03-10 13:00:00+00:00,33.671515
2024-03-10 14:00:00+00:00,34.05797583333334
2024-03-10 15:00:00+00:00,32.8705925
2024-03-10 16:00:00+00:00,28.6037075
2024-03-10 17:00:00+00:00,27.25361
2024-03-10 18:00:00+00:00,15.474229166666667
2024-03-10 19:00:00+00:00,5.2555475
2024-03-10 20:00:00+00:00,6.56465
2024-03-10 21:00:00+00:00,-14.248800833333334
2024-03-10 22:00:00+00:00,6.76311
2024-03-10 23:00:00+00:00,10.855315
2024-03-11 00:00:00+00:00,18.848313333333333
2024-03-11 01:00:00+00:00,32.069433333333336
2024-03-11 02:00:00+00:00,40.3395325
2024-03-11 03:00:00+00:00,34.739823333333334
2024-03-11 04:00:00+00:00,36.79812583333334
2024-03-11 05:00:00+00:00,40.913853333333336
2024-03-11 06:00:00+00:00,34.41143666666667
2024-03-11 07:00:00+00:00,31.342988333333334
2024-03-11 08:00:00+00:00,29.799053333333333
2024-03-11 09:00:00+00:00,23.4948825
2024-03-11 10:00:00+00:00,23.328068333333334
2024-03-11 11:00:00+00:00,29.507323333333332
2024-03-11 12:00:00+00:00,34.25955666666667
2024-03-11 13:00:00+00:00,37.693040833333335
2024-03-11 14:00:00+00:00,56.09932416666666
2024-03-11 15:00:00+00:00,38.61513166666666
2024-03-11 16:00:00+00:00,36.148876666666666
2024-03-11 17:00:00+00:00,42.30616916666667
2024-03-11 18:00:00+00:00,36.5703075
2024-03-11 19:00:00+00:00,27.356553333333334
2024-03-11 20:00:00+00:00,10.183885
2024-03-11 21:00:00+00:00,8.9464525
2024-03-11 22:00:00+00:00,20.306520000000003
2024-03-11 23:00:00+00:00,17.464268333333333
2024-03-12 00:00:00+00:00,27.1599575
2024-03-12 01:00:00+00:00,44.4159725
2024-03-12 02:00:00+00:00,43.62860333333333
2024-03-12 03:00:00+00:00,39.39803083333333
2024-03-12 04:00:00+00:00,36.77562583333333
2024-03-12 05:00:00+00:00,35.13635
2024-03-12 06:00:00+00:00,33.68185583333334
2024-03-12 07:00:00+00:00,30.072545
2024-03-12 08:00:00+00:00,30.13580333333333
2024-03-12 09:00:00+00:00,28.08708
2024-03-12 10:00:00+00:00,30.21723916666667
2024-03-12 11:00:00+00:00,30.876338333333337
2024-03-12 12:00:00+00:00,32.452109166666666
2024-03-12 13:00:00+00:00,34.73889166666667
2024-03-12 14:00:00+00:00,36.138290000000005
2024-03-12 15:00:00+00:00,44.60103
2024-03-12 16:00:00+00:00,36.628012500000004
2024-03-12 17:00:00+00:00,24.955354166666666
2024-03-12 18:00:00+00:00,8.131009166666667
2024-03-12 19:00:00+00:00,4.464053333333333
2024-03-12 20:00:00+00:00,2.635676666666667
2024-03-12 21:00:00+00:00,-4.02235
2024-03-12 22:00:00+00:00,-11.48632
2024-03-12 23:00:00+00:00,-8.009846666666666
2024-03-13 00:00:00+00:00,7.850390833333333
2024-03-13 01:00:00+00:00,32.420786666666665
2024-03-13 02:00:00+00:00,35.7930625
2024-03-13 03:00:00+00:00,30.853954166666668
2024-03-13 04:00:00+00:00,31.73633
2024-03-13 05:00:00+00:00,29.476574166666666
2024-03-13 06:00:00+00:00,28.72181
2024-03-13 07:00:00+00:00,31.557730000000003
2024-03-13 08:00:00+00:00,29.939217499999998
2024-03-13 09:00:00+00:00,30.299265833333333
2024-03-13 10:00:00+00:00,30.3667475
2024-03-13 11:00:00+00:00,31.8176675
2024-03-13 12:00:00+00:00,37.197894166666664
2024-03-13 13:00:00+00:00,41.99577166666666
2024-03-13 14:00:00+00:00,52.79753333333333
2024-03-13 15:00:00+00:00,32.95013083333333
2024-03-13 16:00:00+00:00,30.048111666666667
2024-03-13 17:00:00+00:00,20.880388333333332
2024-03-13 18:00:00+00:00,17.06794916666667
2024-03-13 19:00:00+00:00,4.934619166666667
2024-03-13 20:00:00+00:00,-2.614525833333333
2024-03-13 21:00:00+00:00,-7.464987499999999
2024-03-13 22:00:00+00:00,-11.514160833333333
2024-03-13 23:00:00+00:00,-7.3404308333333335
2024-03-14 00:00:00+00:00,10.180336666666667
2024-03-14 01:00:00+00:00,33.22282916666666
2024-03-14 02:00:00+00:00,33.91177666666667
2024-03-14 03:00:00+00:00,38.75418333333334
2024-03-14 04:00:00+00:00,37.98293666666667
2024-03-14 05:00:00+00:00,37.824915
2024-03-14 06:00:00+00:00,38.221668333333334
2024-03-14 07:00:00+00:00,40.6223475
2024-03-14 08:00:00+00:00,32.808436666666665
2024-03-14 09:00:00+00:00,33.11658333333333
2024-03-14 10:00:00+00:00,35.94851666666667
2024-03-14 11:00:00+00:00,35.826570833333335
2024-03-14 12:00:00+00:00,38.37139166666667
2024-03-14 13:00:00+00:00,42.606474166666665
2024-03-14 14:00:00+00:00,58.4516725
2024-03-14 15:00:00+00:00,37.209315
2024-03-14 16:00:00+00:00,23.589324166666668
2024-03-14 17:00:00+00:00,27.28531166666667
2024-03-14 18:00:00+00:00,14.850821666666667
2024-03-14 19:00:00+00:00,-0.27141250000000006
2024-03-14 20:00:00+00:00,-11.545638333333335
2024-03-14 21:00:00+00:00,-14.704876666666665
2024-03-14 22:00:00+00:00,-13.721845833333333
2024-03-14 23:00:00+00:00,0.2765566666666666
2024-03-15 00:00:00+00:00,15.910966666666667
2024-03-15 01:00:00+00:00,37.36291166666667
2024-03-15 02:00:00+00:00,41.221734166666664
2024-03-15 03:00:00+00:00,42.339775833333334
2024-03-15 04:00:00+00:00,50.86364
2024-03-15 05:00:00+00:00,43.64154250000001
2024-03-15 06:00:00+00:00,34.90392083333334
2024-03-15 07:00:00+00:00,30.470195833333335
2024-03-15 08:00:00+00:00,31.24517416666667
2024-03-15 09:00:00+00:00,30.6720875
2024-03-15 10:00:00+00:00,30.758086666666667
2024-03-15 11:00:00+00:00,30.635164166666666
2024-03-15 12:00:00+00:00,37.093764166666666
2024-03-15 13:00:00+00:00,41.67191166666667
2024-03-15 14:00:00+00:00,54.936521666666664
2024-03-15 15:00:00+00:00,33.97179833333333
2024-03-15 16:00:00+00:00,22.974985
2024-03-15 17:00:00+00:00,22.211224166666668
2024-03-15 18:00:00+00:00,19.984579999999998
2024-03-15 19:00:00+00:00,13.674025833333333
2024-03-15 20:00:00+00:00,10.565975
2024-03-15 21:00:00+00:00,8.2140325
2024-03-15 22:00:00+00:00,13.801779166666668
2024-03-15 23:00:00+00:00,13.6695525
2024-03-16 00:00:00+00:00,29.5416125
2024-03-16 01:00:00+00:00,45.360637499999996
2024-03-16 02:00:00+00:00,50.851454999999994
2024-03-16 03:00:00+00:00,53.866815833333334
2024-03-16 04:00:00+00:00,68.80333
2024-03-16 05:00:00+00:00,62.0398275
2024-03-16 06:00:00+00:00,59.6311725
2024-03-16 07:00:00+00:00,52.5377475
2024-03-16 08:00:00+00:00,51.484540833333334
2024-03-16 09:00:00+00:00,41.8582575
2024-03-16 10:00:00+00:00,39.26720666666667
2024-03-16 11:00:00+00:00,39.13330416666667
2024-03-16 12:00:00+00:00,40.90298666666666
2024-03-16 13:00:00+00:00,51.727024166666666
2024-03-16 14:00:00+00:00,53.38044
2024-03-16 15:00:00+00:00,27.432259166666668
2024-03-16 16:00:00+00:00,28.709805833333334
2024-03-16 17:00:00+00:00,5.345835833333333
2024-03-16 18:00:00+00:00,-7.9123866666666665
2024-03-16 19:00:00+00:00,-14.312289166666666
2024-03-16 20:00:00+00:00,-7.432394166666666
2024-03-16 21:00:00+00:00,-2.1025741666666664
2024-03-16 22:00:00+00:00,7.717506666666666
2024-03-16 23:00:00+00:00,8.6567375
2024-03-17 00:00:00+00:00,27.533429166666668
2024-03-17 01:00:00+00:00,42.608336666666666
2024-03-17 02:00:00+00:00,46.61767833333334
2024-03-17 03:00:00+00:00,42.914205833333334
2024-03-17 04:00:00+00:00,45.915391666666665
2024-03-17 05:00:00+00:00,44.14807416666667
2024-03-17 06:00:00+00:00,40.215113333333335
2024-03-17 07:00:00+00:00,46.56959916666667
2024-03-17 08:00:00+00:00,38.89915083333333
2024-03-17 09:00:00+00:00,35.67609083333333
2024-03-17 10:00:00+00:00,35.294045000000004
2024-03-17 11:00:00+00:00,36.832
2024-03-17 12:00:00+00:00,35.986133333333335
2024-03-17 13:00:00+00:00,37.24601583333333
2024-03-17 14:00:00+00:00,33.49662583333333
2024-03-17 15:00:00+00:00,26.542334166666667
2024-03-17 16:00:00+00:00,28.443183333333334
2024-03-17 17:00:00+00:00,-20.098361666666666
2024-03-17 18:00:00+00:00,-53.556975
2024-03-17 19:00:00+00:00,-60.700427499999996
2024-03-17 20:00:00+00:00,-60.06198
2024-03-17 21:00:00+00:00,-63.63239333333333
2024-03-17 22:00:00+00:00,-62.04888166666667
2024-03-17 23:00:00+00:00,-16.4877525
2024-03-18 00:00:00+00:00,18.322864166666665
2024-03-18 01:00:00+00:00,38.03977916666667
2024-03-18 02:00:00+00:00,42.99750083333333
2024-03-18 03:00:00+00:00,42.40322583333333
2024-03-18 04:00:00+00:00,42.131546666666665
2024-03-18 05:00:00+00:00,41.504725
2024-03-18 06:00:00+00:00,35.43482166666667
2024-03-18 07:00:00+00:00,38.76812666666667
2024-03-18 08:00:00+00:00,33.21668916666666
2024-03-18 09:00:00+00:00,32.749555
2024-03-18 10:00:00+00:00,32.7932125
2024-03-18 11:00:00+00:00,33.2683525
2024-03-18 12:00:00+00:00,40.4610675
2024-03-18 13:00:00+00:00,37.48967083333333
2024-03-18 14:00:00+00:00,36.672583333333336
2024-03-18 15:00:00+00:00,22.98861583333333
2024-03-18 16:00:00+00:00,25.931265
2024-03-18 17:00:00+00:00,25.003599166666664
2024-03-18 18:00:00+00:00,23.868988333333334
2024-03-18 19:00:00+00:00,23.90771833333333
2024-03-18 20:00:00+00:00,27.498483333333336
2024-03-18 21:00:00+00:00,20.1129925
2024-03-18 22:00:00+00:00,23.115018333333335
2024-03-18 23:00:00+00:00,14.821890833333333
2024-03-19 00:00:00+00:00,24.9655625
2024-03-19 01:00:00+00:00,32.59831416666667
2024-03-19 02:00:00+00:00,40.18719
2024-03-19 03:00:00+00:00,42.08882583333334
2024-03-19 04:00:00+00:00,39.02033083333333
2024-03-19 05:00:00+00:00,32.854122499999995
2024-03-19 06:00:00+00:00,36.349803333333334
2024-03-19 07:00:00+00:00,38.27656583333333
2024-03-19 08:00:00+00:00,34.80828833333333
2024-03-19 09:00:00+00:00,31.427018333333333
2024-03-19 10:00:00+00:00,31.51893916666667
2024-03-19 11:00:00+00:00,33.92231
2024-03-19 12:00:00+00:00,34.58039333333333
2024-03-19 13:00:00+00:00,40.8841325
2024-03-19 14:00:00+00:00,32.92588833333333
2024-03-19 15:00:00+00:00,20.321164166666666
2024-03-19 16:00:00+00:00,18.360645
2024-03-19 17:00:00+00:00,19.554583333333333
2024-03-19 18:00:00+00:00,5.491195
2024-03-19 19:00:00+00:00,4.742695
2024-03-19 20:00:00+00:00,2.6800425000000003
2024-03-19 21:00:00+00:00,0.13701000000000002
2024-03-19 22:00:00+00:00,-0.943495
2024-03-19 23:00:00+00:00,-8.640586666666666
2024-03-20 00:00:00+00:00,5.821556666666666
2024-03-20 01:00:00+00:00,34.635169166666664
2024-03-20 02:00:00+00:00,37.05571583333333
2024-03-20 03:00:00+00:00,31.985564999999998
2024-03-20 04:00:00+00:00,33.36360333333334
2024-03-20 05:00:00+00:00,29.225329166666665
2024-03-20 06:00:00+00:00,30.040364166666667
2024-03-20 07:00:00+00:00,27.137134166666666
2024-03-20 08:00:00+00:00,24.8652175
2024-03-20 09:00:00+00:00,26.145470833333334
2024-03-20 10:00:00+00:00,22.982536666666665
2024-03-20 11:00:00+00:00,28.1421325
2024-03-20 12:00:00+00:00,38.50404416666667
2024-03-20 13:00:00+00:00,41.71555916666667
2024-03-20 14:00:00+00:00,35.24050333333333
2024-03-20 15:00:00+00:00,16.545286666666666
2024-03-20 16:00:00+00:00,9.629988333333333
2024-03-20 17:00:00+00:00,4.131820833333333
2024-03-20 18:00:00+00:00,-3.8862475
2024-03-20 19:00:00+00:00,-26.317666666666668
2024-03-20 20:00:00+00:00,-46.731254166666666
2024-03-20 21:00:00+00:00,-51.142695833333335
2024-03-20 22:00:00+00:00,-34.15970333333333
2024-03-20 23:00:00+00:00,-11.402459166666667
2024-03-21 00:00:00+00:00,4.717207500000001
2024-03-21 01:00:00+00:00,32.21617416666667
2024-03-21 02:00:00+00:00,31.98960166666667
2024-03-21 03:00:00+00:00,31.249326666666665
2024-03-21 04:00:00+00:00,31.532380833333335
2024-03-21 05:00:00+00:00,26.18381583333333
2024-03-21 06:00:00+00:00,27.526773333333335
2024-03-21 07:00:00+00:00,27.656679166666667
2024-03-21 08:00:00+00:00,27.637530833333333
2024-03-21 09:00:00+00:00,23.322155
2024-03-21 10:00:00+00:00,23.394035
2024-03-21 11:00:00+00:00,28.000315
2024-03-21 12:00:00+00:00,30.851880833333336
2024-03-21 13:00:00+00:00,29.935947499999997
2024-03-21 14:00:00+00:00,24.640661666666663
2024-03-21 15:00:00+00:00,6.953030833333333
2024-03-21 16:00:00+00:00,6.579465
2024-03-21 17:00:00+00:00,-1.9460516666666667
2024-03-21 18:00:00+00:00,-11.33599
2024-03-21 19:00:00+00:00,-8.158753333333333
2024-03-21 20:00:00+00:00,-5.754489166666667
2024-03-21 21:00:00+00:00,-14.071725833333332
2024-03-21 22:00:00+00:00,-3.2970558333333333
2024-03-21 23:00:00+00:00,7.702015
2024-03-22 00:00:00+00:00,16.09894
2024-03-22 01:00:00+00:00,32.29332083333333
2024-03-22 02:00:00+00:00,35.49088833333334
2024-03-22 03:00:00+00:00,36.2369625
2024-03-22 04:00:00+00:00,36.3111075
2024-03-22 05:00:00+00:00,31.025441666666666
2024-03-22 06:00:00+00:00,29.637675
2024-03-22 07:00:00+00:00,37.47026333333333
2024-03-22 08:00:00+00:00,36.434828333333336
2024-03-22 09:00:00+00:00,29.54291333333333
2024-03-22 10:00:00+00:00,28.282029166666664
2024-03-22 11:00:00+00:00,28.43851666666667
2024-03-22 12:00:00+00:00,30.537549166666665
2024-03-22 13:00:00+00:00,34.339467500000005
2024-03-22 14:00:00+00:00,35.947894999999995
2024-03-22 15:00:00+00:00,19.080599166666666
2024-03-22 16:00:00+00:00,16.027945833333334
2024-03-22 17:00:00+00:00,13.181413333333333
2024-03-22 18:00:00+00:00,11.426922500000002
2024-03-22 19:00:00+00:00,11.113835
2024-03-22 20:00:00+00:00,21.18581
2024-03-22 21:00:00+00:00,22.190929999999998
2024-03-22 22:00:00+00:00,16.393273333333333
2024-03-22 23:00:00+00:00,11.593208333333335
2024-03-23 00:00:00+00:00,13.372310833333332
2024-03-23 01:00:00+00:00,31.211946666666666
2024-03-23 02:00:00+00:00,34.581491666666665
2024-03-23 03:00:00+00:00,34.57595
2024-03-23 04:00:00+00:00,31.15889
2024-03-23 05:00:00+00:00,27.975964166666667
2024-03-23 06:00:00+00:00,28.465390833333334
2024-03-23 07:00:00+00:00,27.840702500000003
2024-03-23 08:00:00+00:00,26.94456166666667
2024-03-23 09:00:00+00:00,27.4142775
2024-03-23 10:00:00+00:00,27.26768583333333
2024-03-23 11:00:00+00:00,27.26088
2024-03-23 12:00:00+00:00,27.188084166666666
2024-03-23 13:00:00+00:00,29.492769166666665
2024-03-23 14:00:00+00:00,30.1365225
2024-03-23 15:00:00+00:00,23.336616666666668
2024-03-23 16:00:00+00:00,23.625261666666663
2024-03-23 17:00:00+00:00,0.8052316666666667
2024-03-23 18:00:00+00:00,4.237263333333334
2024-03-23 19:00:00+00:00,5.700189166666667
2024-03-23 20:00:00+00:00,5.527830000000001
2024-03-23 21:00:00+00:00,1.1761433333333333
2024-03-23 22:00:00+00:00,7.312499166666666
2024-03-23 23:00:00+00:00,18.8239775
2024-03-24 00:00:00+00:00,13.907898333333334
2024-03-24 01:00:00+00:00,19.353506666666664
2024-03-24 02:00:00+00:00,29.3423525
2024-03-24 03:00:00+00:00,28.700293333333335
2024-03-24 04:00:00+00:00,26.966556666666666
2024-03-24 05:00:00+00:00,25.538275833333334
2024-03-24 06:00:00+00:00,25.331901666666667
2024-03-24 07:00:00+00:00,24.519998333333334
2024-10-27 08:00:00+00:00,40.54555833333333
2024-10-27 09:00:00+00:00,40.83076833333333
2024-10-27 10:00:00+00:00,39.95255916666667
2024-10-27 11:00:00+00:00,40.86562583333333
2024-10-27 12:00:00+00:00,34.847006666666665
2024-10-27 13:00:00+00:00,34.08405916666667
2024-10-27 14:00:00+00:00,39.61732833333333
2024-10-27 15:00:00+00:00,34.145205
2024-10-27 16:00:00+00:00,42.23130833333334
2024-10-27 17:00:00+00:00,36.4728625
2024-10-27 18:00:00+00:00,24.605729166666666
2024-10-27 19:00:00+00:00,27.749398333333332
2024-10-27 20:00:00+00:00,20.854188333333333
2024-10-27 21:00:00+00:00,32.77949
2024-10-27 22:00:00+00:00,29.389308333333332
2024-10-27 23:00:00+00:00,43.04503416666666
2024-10-28 00:00:00+00:00,44.61922583333333
2024-10-28 01:00:00+00:00,44.24461333333333
2024-10-28 02:00:00+00:00,43.873558333333335
2024-10-28 03:00:00+00:00,50.89364916666667
2024-10-28 04:00:00+00:00,50.86801666666667
2024-10-28 05:00:00+00:00,43.91366166666666
2024-10-28 06:00:00+00:00,39.379925
2024-10-28 07:00:00+00:00,35.969969999999996
2024-10-28 08:00:00+00:00,33.566046666666665
2024-10-28 09:00:00+00:00,34.8807125
2024-10-28 10:00:00+00:00,29.751270833333333
2024-10-28 11:00:00+00:00,29.767461666666666
2024-10-28 12:00:00+00:00,40.6014525
2024-10-28 13:00:00+00:00,56.85025083333333
2024-10-28 14:00:00+00:00,63.1619825
2024-10-28 15:00:00+00:00,54.312068333333336
2024-10-28 16:00:00+00:00,47.45295083333334
2024-10-28 17:00:00+00:00,36.068358333333336
2024-10-28 18:00:00+00:00,33.4555425
2024-10-28 19:00:00+00:00,32.5055875
2024-10-28 20:00:00+00:00,30.471612500000003
2024-10-28 21:00:00+00:00,23.103628333333333
2024-10-28 22:00:00+00:00,22.442000833333335
2024-10-28 23:00:00+00:00,40.264046666666665
2024-10-29 00:00:00+00:00,48.2378175
2024-10-29 01:00:00+00:00,46.28903666666667
2024-10-29 02:00:00+00:00,44.97146583333333
2024-10-29 03:00:00+00:00,45.38023833333333
2024-10-29 04:00:00+00:00,51.3967675
2024-10-29 05:00:00+00:00,45.569358333333334
2024-10-29 06:00:00+00:00,41.98696
2024-10-29 07:00:00+00:00,43.40493416666666
2024-10-29 08:00:00+00:00,42.41647833333334
2024-10-29 09:00:00+00:00,42.321039166666665
2024-10-29 10:00:00+00:00,41.74166666666667
2024-10-29 11:00:00+00:00,44.8029275
2024-10-29 12:00:00+00:00,42.041111666666666
2024-10-29 13:00:00+00:00,41.5593625
2024-10-29 14:00:00+00:00,45.056455
2024-10-29 15:00:00+00:00,42.955999166666665
2024-10-29 16:00:00+00:00,50.07478666666666
2024-10-29 17:00:00+00:00,44.789719166666664
2024-10-29 18:00:00+00:00,43.02927
2024-10-29 19:00:00+00:00,44.2131
2024-10-29 20:00:00+00:00,42.152118333333334
2024-10-29 21:00:00+00:00,37.011855833333335
2024-10-29 22:00:00+00:00,41.571398333333335
2024-10-29 23:00:00+00:00,39.58733333333333
2024-10-30 00:00:00+00:00,49.56186416666667
2024-10-30 01:00:00+00:00,49.83258916666667
2024-10-30 02:00:00+00:00,51.999024166666665
2024-10-30 03:00:00+00:00,58.654644999999995
2024-10-30 04:00:00+00:00,57.70036166666667
2024-10-30 05:00:00+00:00,62.43875833333333
2024-10-30 06:00:00+00:00,61.298458333333336
2024-10-30 07:00:00+00:00,61.664477500000004
2024-10-30 08:00:00+00:00,56.07746916666667
2024-10-30 09:00:00+00:00,51.658425
2024-10-30 10:00:00+00:00,51.26580666666666
2024-10-30 11:00:00+00:00,51.65084833333333
2024-10-30 12:00:00+00:00,51.233419166666664
2024-10-30 13:00:00+00:00,61.878590833333334
2024-10-30 14:00:00+00:00,73.37869583333334
2024-10-30 15:00:00+00:00,73.3446225
2024-10-30 16:00:00+00:00,55.788421666666665
2024-10-30 17:00:00+00:00,52.08909
2024-10-30 18:00:00+00:00,55.319829166666665
2024-10-30 19:00:00+00:00,50.96696083333333
2024-10-30 20:00:00+00:00,55.37519666666666
2024-10-30 21:00:00+00:00,55.17111416666666
2024-10-30 22:00:00+00:00,50.5890525
2024-10-30 23:00:00+00:00,46.94251083333333
2024-10-31 00:00:00+00:00,60.219105000000006
2024-10-31 01:00:00+00:00,53.48783916666667
2024-10-31 02:00:00+00:00,52.48321416666667
2024-10-31 03:00:00+00:00,52.35720916666667
2024-10-31 04:00:00+00:00,58.927204999999994
2024-10-31 05:00:00+00:00,55.792049999999996
2024-10-31 06:00:00+00:00,49.361155
2024-10-31 07:00:00+00:00,48.49768583333333
2024-10-31 08:00:00+00:00,44.33570916666667
2024-10-31 09:00:00+00:00,43.5889975
2024-10-31 10:00:00+00:00,44.989601666666665
2024-10-31 11:00:00+00:00,47.59632333333334
2024-10-31 12:00:00+00:00,46.30859916666666
2024-10-31 13:00:00+00:00,48.66338833333333
2024-10-31 14:00:00+00:00,53.901225000000004
2024-10-31 15:00:00+00:00,56.99538833333333
2024-10-31 16:00:00+00:00,53.4604625
2024-10-31 17:00:00+00:00,39.55294166666667
2024-10-31 18:00:00+00:00,31.0031025
2024-10-31 19:00:00+00:00,23.012631666666667
2024-10-31 20:00:00+00:00,24.306785833333333
2024-10-31 21:00:00+00:00,21.81671083333333
2024-10-31 22:00:00+00:00,22.540275833333336
2024-10-31 23:00:00+00:00,20.41582
2024-11-01 00:00:00+00:00,36.956475833333336
2024-11-01 01:00:00+00:00,37.4287625
2024-11-01 02:00:00+00:00,35.440913333333334
2024-11-01 03:00:00+00:00,34.865249999999996
2024-11-01 04:00:00+00:00,34.37892333333333
2024-11-01 05:00:00+00:00,36.844928333333336
2024-11-01 06:00:00+00:00,37.701715
2024-11-01 07:00:00+00:00,42.5315075
2024-11-01 08:00:00+00:00,40.0002825
2024-11-01 09:00:00+00:00,38.41883
2024-11-01 10:00:00+00:00,35.57160583333333
2024-11-01 11:00:00+00:00,37.46201416666667
2024-11-01 12:00:00+00:00,39.8102825
2024-11-01 13:00:00+00:00,41.267755
2024-11-01 14:00:00+00:00,44.78331166666666
2024-11-01 15:00:00+00:00,45.39076583333334
2024-11-01 16:00:00+00:00,31.114874166666667
2024-11-01 17:00:00+00:00,20.888375
2024-11-01 18:00:00+00:00,21.574460833333333
2024-11-01 19:00:00+00:00,19.442305
2024-11-01 20:00:00+00:00,27.220843333333335
2024-11-01 21:00:00+00:00,30.5134375
2024-11-01 22:00:00+00:00,32.0069175
2024-11-01 23:00:00+00:00,32.6598775
2024-11-02 00:00:00+00:00,41.330755833333335
2024-11-02 01:00:00+00:00,38.0643125
2024-11-02 02:00:00+00:00,37.9771925
2024-11-02 03:00:00+00:00,39.33793416666666
2024-11-02 04:00:00+00:00,43.71956
2024-11-02 05:00:00+00:00,44.610772499999996
2024-11-02 06:00:00+00:00,42.54121166666666
2024-11-02 07:00:00+00:00,39.064055833333335
2024-11-02 08:00:00+00:00,34.17085
2024-11-02 09:00:00+00:00,32.98373
2024-11-02 10:00:00+00:00,32.60467333333333
2024-11-02 11:00:00+00:00,30.78934166666667
2024-11-02 12:00:00+00:00,33.56186916666667
2024-11-02 13:00:00+00:00,30.072889166666666
2024-11-02 14:00:00+00:00,30.697564999999997
2024-11-02 15:00:00+00:00,30.75020333333333
2024-11-02 16:00:00+00:00,28.059714166666666
2024-11-02 17:00:00+00:00,14.269988333333332
2024-11-02 18:00:00+00:00,13.733830833333334
2024-11-02 19:00:00+00:00,19.081185
2024-11-02 20:00:00+00:00,20.759726666666666
2024-11-02 21:00:00+00:00,20.494221666666665
2024-11-02 22:00:00+00:00,6.1258325000000005
2024-11-02 23:00:00+00:00,17.612889166666665
2024-11-03 00:00:00+00:00,32.104875
2024-11-03 01:00:00+00:00,37.75642833333333
2024-11-03 02:00:00+00:00,34.48090083333333
2024-11-03 03:00:00+00:00,27.9163075
2024-11-03 04:00:00+00:00,30.140246666666666
2024-11-03 05:00:00+00:00,40.45597083333333
2024-11-03 06:00:00+00:00,35.239844166666664
2024-11-03 07:00:00+00:00,35.406996666666664
2024-11-03 08:00:00+00:00,32.54536916666667
2024-11-03 09:00:00+00:00,26.50039333333333
2024-11-03 10:00:00+00:00,29.55962666666667
2024-11-03 11:00:00+00:00,33.4208425
2024-11-03 12:00:00+00:00,41.56551833333334
2024-11-03 13:00:00+00:00,45.90748249999999
2024-11-03 14:00:00+00:00,38.959174999999995
2024-11-03 15:00:00+00:00,42.04069333333333
2024-11-03 16:00:00+00:00,30.373640833333337
2024-11-03 17:00:00+00:00,9.816389166666667
2024-11-03 18:00:00+00:00,6.595000833333334
2024-11-03 19:00:00+00:00,5.112161666666666
2024-11-03 20:00:00+00:00,-3.398426666666667
2024-11-03 21:00:00+00:00,11.475260833333335
2024-11-03 22:00:00+00:00,16.708378333333332
2024-11-03 23:00:00+00:00,26.724766666666667
2024-11-04 00:00:00+00:00,37.57191583333333
2024-11-04 01:00:00+00:00,34.50569333333333
2024-11-04 02:00:00+00:00,31.733791666666665
2024-11-04 03:00:00+00:00,31.8099225
2024-11-04 04:00:00+00:00,30.364
2024-11-04 05:00:00+00:00,35.7204975
2024-11-04 06:00:00+00:00,34.285561666666666
2024-11-04 07:00:00+00:00,30.88497083333333
2024-11-04 08:00:00+00:00,31.5533875
2024-11-04 09:00:00+00:00,32.88366916666667
2024-11-04 10:00:00+00:00,29.20266666666667
2024-11-04 11:00:00+00:00,30.4941175
2024-11-04 12:00:00+00:00,32.142472500000004
2024-11-04 13:00:00+00:00,41.60675833333333
2024-11-04 14:00:00+00:00,54.530548333333336
2024-11-04 15:00:00+00:00,43.42982
2024-11-04 16:00:00+00:00,27.934114166666664
2024-11-04 17:00:00+00:00,32.74436333333333
2024-11-04 18:00:00+00:00,30.199834999999997
2024-11-04 19:00:00+00:00,27.19135833333333
2024-11-04 20:00:00+00:00,28.994508333333332
2024-11-04 21:00:00+00:00,23.4012675
2024-11-04 22:00:00+00:00,15.206069999999999
2024-11-04 23:00:00+00:00,35.392525
2024-11-05 00:00:00+00:00,51.81870416666667
2024-11-05 01:00:00+00:00,44.335355
2024-11-05 02:00:00+00:00,45.0222975
2024-11-05 03:00:00+00:00,44.28888
2024-11-05 04:00:00+00:00,42.18403833333333
2024-11-05 05:00:00+00:00,44.233295
2024-11-05 06:00:00+00:00,41.377470833333334
2024-11-05 07:00:00+00:00,37.42584166666666
2024-11-05 08:00:00+00:00,31.239154166666665
2024-11-05 09:00:00+00:00,30.051971666666663
2024-11-05 10:00:00+00:00,32.454344166666665
2024-11-05 11:00:00+00:00,29.208142499999997
2024-11-05 12:00:00+00:00,28.571501666666666
2024-11-05 13:00:00+00:00,34.6559825
2024-11-05 14:00:00+00:00,36.653020833333336
2024-11-05 15:00:00+00:00,37.8012375
2024-11-05 16:00:00+00:00,43.260760833333336
2024-11-05 17:00:00+00:00,33.036480833333336
2024-11-05 18:00:00+00:00,33.48423333333333
2024-11-05 19:00:00+00:00,35.296443333333336
2024-11-05 20:00:00+00:00,38.36591583333333
2024-11-05 21:00:00+00:00,32.380426666666665
2024-11-05 22:00:00+00:00,34.36578
2024-11-05 23:00:00+00:00,43.01098083333333
2024-11-06 00:00:00+00:00,46.1754475
2024-11-06 01:00:00+00:00,44.33249083333334
2024-11-06 02:00:00+00:00,42.41195333333334
2024-11-06 03:00:00+00:00,39.52833333333333
2024-11-06 04:00:00+00:00,42.17563333333333
2024-11-06 05:00:00+00:00,40.9511525
2024-11-06 06:00:00+00:00,40.76182333333333
2024-11-06 07:00:00+00:00,43.59629916666666
2024-11-06 08:00:00+00:00,40.01387833333333
2024-11-06 09:00:00+00:00,39.14505416666666
2024-11-06 10:00:00+00:00,38.15011833333333
2024-11-06 11:00:00+00:00,39.34599083333333
2024-11-06 12:00:00+00:00,45.46749416666666
2024-11-06 13:00:00+00:00,44.76689916666667
2024-11-06 14:00:00+00:00,46.6556775
2024-11-06 15:00:00+00:00,47.50102999999999
2024-11-06 16:00:00+00:00,34.61108166666667
2024-11-06 17:00:00+00:00,26.940159166666664
2024-11-06 18:00:00+00:00,27.76659583333333
2024-11-06 19:00:00+00:00,30.413350833333336
2024-11-06 20:00:00+00:00,29.996530833333335
2024-11-06 21:00:00+00:00,27.127619166666666
2024-11-06 22:00:00+00:00,27.308374999999998
2024-11-06 23:00:00+00:00,34.81638
2024-11-07 00:00:00+00:00,49.22591333333333
2024-11-07 01:00:00+00:00,43.64447416666667
2024-11-07 02:00:00+00:00,41.78872166666667
2024-11-07 03:00:00+00:00,42.921885
2024-11-07 04:00:00+00:00,43.120326666666664
2024-11-07 05:00:00+00:00,42.215691666666665
2024-11-07 06:00:00+00:00,42.67112666666666
2024-11-07 07:00:00+00:00,43.10925
2024-11-07 08:00:00+00:00,43.52573583333333
2024-11-07 09:00:00+00:00,39.03275083333333
2024-11-07 10:00:00+00:00,38.495695833333336
2024-11-07 11:00:00+00:00,39.21305
2024-11-07 12:00:00+00:00,43.08687583333333
2024-11-07 13:00:00+00:00,54.391713333333335
2024-11-07 14:00:00+00:00,77.54711166666667
2024-11-07 15:00:00+00:00,50.651824166666664
2024-11-07 16:00:00+00:00,37.472899166666664
2024-11-07 17:00:00+00:00,30.928630833333333
2024-11-07 18:00:00+00:00,28.342230833333332
2024-11-07 19:00:00+00:00,26.993017499999997
2024-11-07 20:00:00+00:00,27.285779166666668
2024-11-07 21:00:00+00:00,25.435104999999997
2024-11-07 22:00:00+00:00,27.695971666666665
2024-11-07 23:00:00+00:00,47.69766666666666
2024-11-08 00:00:00+00:00,69.19914
2024-11-08 01:00:00+00:00,49.05923166666667
2024-11-08 02:00:00+00:00,58.10798333333333
2024-11-08 03:00:00+00:00,64.13301833333334
2024-11-08 04:00:00+00:00,72.90572333333334
2024-11-08 05:00:00+00:00,81.16296833333332
2024-11-08 06:00:00+00:00,78.57220833333334
2024-11-08 07:00:00+00:00,74.3537025
2024-11-08 08:00:00+00:00,75.5548625
2024-11-08 09:00:00+00:00,55.727717500000004
2024-11-08 10:00:00+00:00,53.107735
2024-11-08 11:00:00+00:00,54.29938666666666
2024-11-08 12:00:00+00:00,66.65614916666667
2024-11-08 13:00:00+00:00,63.55831916666667
2024-11-08 14:00:00+00:00,80.34808833333334
2024-11-08 15:00:00+00:00,43.12823583333333
2024-11-08 16:00:00+00:00,27.453369166666665
2024-11-08 17:00:00+00:00,29.993011666666664
2024-11-08 18:00:00+00:00,32.813806666666665
2024-11-08 19:00:00+00:00,34.00651166666667
2024-11-08 20:00:00+00:00,32.284205
2024-11-08 21:00:00+00:00,35.7161975
2024-11-08 22:00:00+00:00,35.83697
2024-11-08 23:00:00+00:00,37.5712825
2024-11-09 00:00:00+00:00,46.00528499999999
2024-11-09 01:00:00+00:00,45.72602916666667
2024-11-09 02:00:00+00:00,47.401087499999996
2024-11-09 03:00:00+00:00,45.245997499999994
2024-11-09 04:00:00+00:00,47.19136666666666
2024-11-09 05:00:00+00:00,52.82154416666666
2024-11-09 06:00:00+00:00,62.80144666666666
2024-11-09 07:00:00+00:00,63.83067
2024-11-09 08:00:00+00:00,50.074365
2024-11-09 09:00:00+00:00,40.190239166666665
2024-11-09 10:00:00+00:00,40.47020083333333
2024-11-09 11:00:00+00:00,39.689123333333335
2024-11-09 12:00:00+00:00,41.58842833333333
2024-11-09 13:00:00+00:00,42.009725833333334
2024-11-09 14:00:00+00:00,44.16430166666667
2024-11-09 15:00:00+00:00,29.861890833333334
2024-11-09 16:00:00+00:00,36.14333166666667
2024-11-09 17:00:00+00:00,38.95522916666666
2024-11-09 18:00:00+00:00,37.5492225
2024-11-09 19:00:00+00:00,33.701767499999995
2024-11-09 20:00:00+00:00,33.574305
2024-11-09 21:00:00+00:00,30.983366666666665
2024-11-09 22:00:00+00:00,34.22945083333334
2024-11-09 23:00:00+00:00,37.914139999999996
2024-11-10 00:00:00+00:00,43.71652666666666
2024-11-10 01:00:00+00:00,42.6200225
2024-11-10 02:00:00+00:00,44.129061666666665
2024-11-10 03:00:00+00:00,42.12963
2024-11-10 04:00:00+00:00,41.750035833333335
2024-11-10 05:00:00+00:00,41.80371
2024-11-10 06:00:00+00:00,41.66900166666667
2024-11-10 07:00:00+00:00,39.969166666666666
2024-11-10 08:00:00+00:00,40.191918333333334
2024-11-10 09:00:00+00:00,37.5765425
2024-11-10 10:00:00+00:00,39.86306083333333
2024-11-10 11:00:00+00:00,38.33194833333334
2024-11-10 12:00:00+00:00,38.2154775
2024-11-10 13:00:00+00:00,35.55137166666667
2024-11-10 14:00:00+00:00,35.907536666666665
2024-11-10 15:00:00+00:00,34.306115
2024-11-10 16:00:00+00:00,34.19731916666667
2024-11-10 17:00:00+00:00,35.80392833333333
2024-11-10 18:00:00+00:00,30.42057416666667
2024-11-10 19:00:00+00:00,28.622546666666665
2024-11-10 20:00:00+00:00,28.859814166666666
2024-11-10 21:00:00+00:00,27.93756666666667
2024-11-10 22:00:00+00:00,30.212204166666666
2024-11-10 23:00:00+00:00,37.35407166666666
2024-11-11 00:00:00+00:00,45.0388025
2024-11-11 01:00:00+00:00,41.9242525
2024-11-11 02:00:00+00:00,39.44060416666667
2024-11-11 03:00:00+00:00,39.996090833333334
2024-11-11 04:00:00+00:00,42.686303333333335
2024-11-11 05:00:00+00:00,42.95822166666667
2024-11-11 06:00:00+00:00,40.84395583333333
2024-11-11 07:00:00+00:00,36.11768583333333
2024-11-11 08:00:00+00:00,35.94708666666667
2024-11-11 09:00:00+00:00,33.61933
2024-11-11 10:00:00+00:00,34.06333
2024-11-11 11:00:00+00:00,37.039986666666664
2024-11-11 12:00:00+00:00,37.0063575
2024-11-11 13:00:00+00:00,39.219575
2024-11-11 14:00:00+00:00,45.1084425
2024-11-11 15:00:00+00:00,31.384578333333334
2024-11-11 16:00:00+00:00,44.625969999999995
2024-11-11 17:00:00+00:00,49.9815825
2024-11-11 18:00:00+00:00,44.392921666666666
2024-11-11 19:00:00+00:00,44.824711666666666
2024-11-11 20:00:00+00:00,38.14367
2024-11-11 21:00:00+00:00,38.07685
2024-11-11 22:00:00+00:00,35.58016166666667
2024-11-11 23:00:00+00:00,37.1367325
2024-11-12 00:00:00+00:00,35.82897583333334
2024-11-12 01:00:00+00:00,36.10151416666667
2024-11-12 02:00:00+00:00,31.902893333333335
2024-11-12 03:00:00+00:00,35.18642166666667
2024-11-12 04:00:00+00:00,38.28209666666667
2024-11-12 05:00:00+00:00,36.096470000000004
2024-11-12 06:00:00+00:00,32.476153333333336
2024-11-12 07:00:00+00:00,29.272166666666667
2024-11-12 08:00:00+00:00,28.737843333333334
2024-11-12 09:00:00+00:00,28.116979999999998
2024-11-12 10:00:00+00:00,27.628270833333332
2024-11-12 11:00:00+00:00,26.91483583333333
2024-11-12 12:00:00+00:00,28.243906666666664
2024-11-12 13:00:00+00:00,32.537595833333334
2024-11-12 14:00:00+00:00,34.84003416666666
2024-11-12 15:00:00+00:00,33.6306475
2024-11-12 16:00:00+00:00,38.02437
2024-11-12 17:00:00+00:00,35.901185
2024-11-12 18:00:00+00:00,24.134733333333333
2024-11-12 19:00:00+00:00,23.279560833333335
2024-11-12 20:00:00+00:00,15.126154999999999
2024-11-12 21:00:00+00:00,5.649591666666666
2024-11-12 22:00:00+00:00,17.7914575
2024-11-12 23:00:00+00:00,36.870014166666664
2024-11-13 00:00:00+00:00,48.12705333333333
2024-11-13 01:00:00+00:00,42.75140166666667
2024-11-13 02:00:00+00:00,43.35049916666667
2024-11-13 03:00:00+00:00,42.49126666666667
2024-11-13 04:00:00+00:00,42.39646333333334
2024-11-13 05:00:00+00:00,42.76772666666667
2024-11-13 06:00:00+00:00,38.445075833333334
2024-11-13 07:00:00+00:00,35.32399083333333
2024-11-13 08:00:00+00:00,37.12670666666667
2024-11-13 09:00:00+00:00,36.921368333333334
2024-11-13 10:00:00+00:00,35.04090166666666
2024-11-13 11:00:00+00:00,36.941475833333335
2024-11-13 12:00:00+00:00,38.541691666666665
2024-11-13 13:00:00+00:00,44.32089583333334
2024-11-13 14:00:00+00:00,58.45943
2024-11-13 15:00:00+00:00,37.8722875
2024-11-13 16:00:00+00:00,43.315580833333335
2024-11-13 17:00:00+00:00,39.97056666666666
2024-11-13 18:00:00+00:00,40.54486333333333
2024-11-13 19:00:00+00:00,36.757330833333334
2024-11-13 20:00:00+00:00,37.85897833333333
2024-11-13 21:00:00+00:00,46.680820833333335
2024-11-13 22:00:00+00:00,50.64091
2024-11-13 23:00:00+00:00,51.7607175
2024-11-14 00:00:00+00:00,50.905900833333334
2024-11-14 01:00:00+00:00,50.7563275
2024-11-14 02:00:00+00:00,48.94275833333333
2024-11-14 03:00:00+00:00,55.65058
2024-11-14 04:00:00+00:00,50.927284166666674
2024-11-14 05:00:00+00:00,50.8867525
2024-11-14 06:00:00+00:00,41.76440083333333
2024-11-14 07:00:00+00:00,38.00530416666667
2024-11-14 08:00:00+00:00,36.9559975
2024-11-14 09:00:00+00:00,39.124945833333335
2024-11-14 10:00:00+00:00,40.446221666666666
2024-11-14 11:00:00+00:00,44.32300333333333
2024-11-14 12:00:00+00:00,63.67939833333333
2024-11-14 13:00:00+00:00,72.6759
2024-11-14 14:00:00+00:00,98.18490916666667
2024-11-14 15:00:00+00:00,41.1031575
2024-11-14 16:00:00+00:00,30.13275
2024-11-14 17:00:00+00:00,33.7219275
2024-11-14 18:00:00+00:00,34.95518083333334
2024-11-14 19:00:00+00:00,36.065205
2024-11-14 20:00:00+00:00,37.1665675
2024-11-14 21:00:00+00:00,35.184534166666666
2024-11-14 22:00:00+00:00,38.8589325
2024-11-14 23:00:00+00:00,52.09578916666666
2024-11-15 00:00:00+00:00,56.5707775
2024-11-15 01:00:00+00:00,53.28706333333333
2024-11-15 02:00:00+00:00,49.40779
2024-11-15 03:00:00+00:00,56.5465075
2024-11-15 04:00:00+00:00,58.04033666666667
2024-11-15 05:00:00+00:00,50.0746325
2024-11-15 06:00:00+00:00,45.437765000000006
2024-11-15 07:00:00+00:00,45.06462083333333
2024-11-15 08:00:00+00:00,51.28055
2024-11-15 09:00:00+00:00,44.51480833333333
2024-11-15 10:00:00+00:00,42.62159583333334
2024-11-15 11:00:00+00:00,44.48352
2024-11-15 12:00:00+00:00,45.564213333333335
2024-11-15 13:00:00+00:00,56.2193125
2024-11-15 14:00:00+00:00,63.01252083333333
2024-11-15 15:00:00+00:00,70.845455
2024-11-15 16:00:00+00:00,61.40470333333334
2024-11-15 17:00:00+00:00,56.997840833333335
2024-11-15 18:00:00+00:00,52.77757666666667
2024-11-15 19:00:00+00:00,41.67713
2024-11-15 20:00:00+00:00,43.64945
2024-11-15 21:00:00+00:00,48.417317499999996
2024-11-15 22:00:00+00:00,42.430929166666665
2024-11-15 23:00:00+00:00,50.76645083333333
2024-11-16 00:00:00+00:00,53.87575666666667
2024-11-16 01:00:00+00:00,59.443264166666665
2024-11-16 02:00:00+00:00,47.40135916666667
2024-11-16 03:00:00+00:00,52.94857166666667
2024-11-16 04:00:00+00:00,44.985839999999996
2024-11-16 05:00:00+00:00,43.381045
2024-11-16 06:00:00+00:00,41.392207500000005
2024-11-16 07:00:00+00:00,38.77368583333333
2024-11-16 08:00:00+00:00,37.619099999999996
2024-11-16 09:00:00+00:00,37.82613
2024-11-16 10:00:00+00:00,37.430770833333334
2024-11-16 11:00:00+00:00,36.2580825
2024-11-16 12:00:00+00:00,37.97023083333333
2024-11-16 13:00:00+00:00,35.13476666666667
2024-11-16 14:00:00+00:00,37.514967500000004
2024-11-16 15:00:00+00:00,40.645606666666666
2024-11-16 16:00:00+00:00,32.9973675
2024-11-16 17:00:00+00:00,33.602045
2024-11-16 18:00:00+00:00,36.9570875
2024-11-16 19:00:00+00:00,32.50106666666667
2024-11-16 20:00:00+00:00,34.83744083333333
2024-11-16 21:00:00+00:00,32.35290666666666
2024-11-16 22:00:00+00:00,39.92095833333333
2024-11-16 23:00:00+00:00,48.36729333333333
2024-11-17 00:00:00+00:00,42.32715833333334
2024-11-17 01:00:00+00:00,46.26076916666667
2024-11-17 02:00:00+00:00,47.38253
2024-11-17 03:00:00+00:00,57.78138833333333
2024-11-17 04:00:00+00:00,57.18622666666667
2024-11-17 05:00:00+00:00,71.66997333333333
2024-11-17 06:00:00+00:00,74.41846416666667
2024-11-17 07:00:00+00:00,66.18690666666667
2024-11-17 08:00:00+00:00,60.34258166666667
2024-11-17 09:00:00+00:00,44.75109166666667
2024-11-17 10:00:00+00:00,39.0508675
2024-11-17 11:00:00+00:00,39.902073333333334
2024-11-17 12:00:00+00:00,43.66011833333334
2024-11-17 13:00:00+00:00,50.69385583333334
2024-11-17 14:00:00+00:00,51.73220666666666
2024-11-17 15:00:00+00:00,39.9569825
2024-11-17 16:00:00+00:00,32.56653333333333
2024-11-17 17:00:00+00:00,31.532396666666667
2024-11-17 18:00:00+00:00,34.566175
2024-11-17 19:00:00+00:00,30.586231666666666
2024-11-17 20:00:00+00:00,32.72582833333333
2024-11-17 21:00:00+00:00,37.31739833333334
2024-11-17 22:00:00+00:00,40.924275
2024-11-17 23:00:00+00:00,35.87159833333333
2024-11-18 00:00:00+00:00,52.31105416666667
2024-11-18 01:00:00+00:00,50.477505
2024-11-18 02:00:00+00:00,47.73310833333333
2024-11-18 03:00:00+00:00,49.161548333333336
2024-11-18 04:00:00+00:00,47.06250666666667
2024-11-18 05:00:00+00:00,41.91625333333334
2024-11-18 06:00:00+00:00,39.721327499999994
2024-11-18 07:00:00+00:00,38.903695
2024-11-18 08:00:00+00:00,39.677663333333335
2024-11-18 09:00:00+00:00,37.6368275
2024-11-18 10:00:00+00:00,39.76104083333333
2024-11-18 11:00:00+00:00,41.47785916666667
2024-11-18 12:00:00+00:00,41.232662499999996
2024-11-18 13:00:00+00:00,47.41664166666666
2024-11-18 14:00:00+00:00,59.317993333333334
2024-11-18 15:00:00+00:00,44.84627333333333
2024-11-18 16:00:00+00:00,33.967976666666665
2024-11-18 17:00:00+00:00,31.171782500000003
2024-11-18 18:00:00+00:00,24.69928333333333
2024-11-18 19:00:00+00:00,26.4017625
2024-11-18 20:00:00+00:00,27.064027499999998
2024-11-18 21:00:00+00:00,23.2017575
2024-11-18 22:00:00+00:00,20.689321666666668
2024-11-18 23:00:00+00:00,29.7384575
2024-11-19 00:00:00+00:00,50.37307583333333
2024-11-19 01:00:00+00:00,65.17600083333333
2024-11-19 02:00:00+00:00,53.7089425
2024-11-19 03:00:00+00:00,58.49879416666667
2024-11-19 04:00:00+00:00,61.75852333333333
2024-11-19 05:00:00+00:00,60.95983916666666
2024-11-19 06:00:00+00:00,46.93572916666667
2024-11-19 07:00:00+00:00,45.86174416666666
2024-11-19 08:00:00+00:00,49.00151916666667
2024-11-19 09:00:00+00:00,48.06491416666666
2024-11-19 10:00:00+00:00,45.719612500000004
2024-11-19 11:00:00+00:00,51.832166666666666
2024-11-19 12:00:00+00:00,52.68501
2024-11-19 13:00:00+00:00,57.76270333333333
2024-11-19 14:00:00+00:00,63.9263475
2024-11-19 15:00:00+00:00,75.36823249999999
2024-11-19 16:00:00+00:00,71.10721166666666
2024-11-19 17:00:00+00:00,66.79525916666667
2024-11-19 18:00:00+00:00,64.06635250000001
2024-11-19 19:00:00+00:00,65.23479333333333
2024-11-19 20:00:00+00:00,78.6982775
2024-11-19 21:00:00+00:00,93.42761083333333
2024-11-19 22:00:00+00:00,96.99856583333333
2024-11-19 23:00:00+00:00,86.69517
2024-11-20 00:00:00+00:00,91.28003000000001
2024-11-20 01:00:00+00:00,90.76902333333334
2024-11-20 02:00:00+00:00,66.74228000000001
2024-11-20 03:00:00+00:00,65.5367225
2024-11-20 04:00:00+00:00,72.790545
2024-11-20 05:00:00+00:00,58.61281666666667
2024-11-20 06:00:00+00:00,56.211099999999995
2024-11-20 07:00:00+00:00,53.99687333333333
2024-11-20 08:00:00+00:00,54.162036666666665
2024-11-20 09:00:00+00:00,50.23153666666667
2024-11-20 10:00:00+00:00,52.421010833333334
2024-11-20 11:00:00+00:00,55.78107833333333
2024-11-20 12:00:00+00:00,56.20704416666667
2024-11-20 13:00:00+00:00,54.56471916666666
2024-11-20 14:00:00+00:00,59.28194
2024-11-20 15:00:00+00:00,57.50954166666667
2024-11-20 16:00:00+00:00,57.557542500000004
2024-11-20 17:00:00+00:00,51.07537166666666
2024-11-20 18:00:00+00:00,42.394351666666665
2024-11-20 19:00:00+00:00,52.59196
2024-11-20 20:00:00+00:00,59.28545166666667
2024-11-20 21:00:00+00:00,60.7062325
2024-11-20 22:00:00+00:00,58.61535416666667
2024-11-20 23:00:00+00:00,50.39179416666667
2024-11-21 00:00:00+00:00,52.337559166666665
2024-11-21 01:00:00+00:00,54.69150166666666
2024-11-21 02:00:00+00:00,50.47796916666667
2024-11-21 03:00:00+00:00,57.19045666666667
2024-11-21 04:00:00+00:00,56.651828333333334
2024-11-21 05:00:00+00:00,62.693435
2024-11-21 06:00:00+00:00,65.15467666666667
2024-11-21 07:00:00+00:00,57.498695833333336
2024-11-21 08:00:00+00:00,54.88792833333334
2024-11-21 09:00:00+00:00,57.0930075
2024-11-21 10:00:00+00:00,52.0296925
2024-11-21 11:00:00+00:00,49.26276416666667
2024-11-21 12:00:00+00:00,56.00978916666667
2024-11-21 13:00:00+00:00,65.66237416666667
2024-11-21 14:00:00+00:00,88.89176833333333
2024-11-21 15:00:00+00:00,80.73799416666667
2024-11-21 16:00:00+00:00,56.21443333333334
2024-11-21 17:00:00+00:00,63.133244999999995
2024-11-21 18:00:00+00:00,66.44339000000001
2024-11-21 19:00:00+00:00,67.44220666666666
2024-11-21 20:00:00+00:00,62.88750666666667
2024-11-21 21:00:00+00:00,62.40264666666667
2024-11-21 22:00:00+00:00,60.771435
2024-11-21 23:00:00+00:00,58.02759
2024-11-22 00:00:00+00:00,64.115325
2024-11-22 01:00:00+00:00,61.1057725
2024-11-22 02:00:00+00:00,58.32213333333333
2024-11-22 03:00:00+00:00,58.9446925
2024-11-22 04:00:00+00:00,58.73670166666667
2024-11-22 05:00:00+00:00,60.80902833333334
2024-11-22 06:00:00+00:00,56.943511666666666
2024-11-22 07:00:00+00:00,52.57409416666667
2024-11-22 08:00:00+00:00,54.364017499999996
2024-11-22 09:00:00+00:00,54.10837333333333
2024-11-22 10:00:00+00:00,47.00905583333333
2024-11-22 11:00:00+00:00,50.71956583333333
2024-11-22 12:00:00+00:00,49.17048666666667
2024-11-22 13:00:00+00:00,50.925938333333335
2024-11-22 14:00:00+00:00,52.280593333333336
2024-11-22 15:00:00+00:00,67.05633833333333
2024-11-22 16:00:00+00:00,60.716229999999996
2024-11-22 17:00:00+00:00,62.76295916666666
2024-11-22 18:00:00+00:00,64.52864166666667
2024-11-22 19:00:00+00:00,68.18202166666667
2024-11-22 20:00:00+00:00,61.72596166666667
2024-11-22 21:00:00+00:00,69.30580666666667
2024-11-22 22:00:00+00:00,79.16258166666667
2024-11-22 23:00:00+00:00,75.52367916666667
2024-11-23 00:00:00+00:00,60.29423666666667
2024-11-23 01:00:00+00:00,60.974267499999996
2024-11-23 02:00:00+00:00,53.903282499999996
2024-11-23 03:00:00+00:00,56.81007333333333
2024-11-23 04:00:00+00:00,58.9349025
2024-11-23 05:00:00+00:00,55.723485833333335
2024-11-23 06:00:00+00:00,51.60484
2024-11-23 07:00:00+00:00,49.083304166666665
2024-11-23 08:00:00+00:00,48.64760833333333
2024-11-23 09:00:00+00:00,47.07271666666667
2024-11-23 10:00:00+00:00,45.73797666666667
2024-11-23 11:00:00+00:00,47.883139166666666
2024-11-23 12:00:00+00:00,46.82524333333333
2024-11-23 13:00:00+00:00,47.67221916666667
2024-11-23 14:00:00+00:00,44.1264525
2024-11-23 15:00:00+00:00,43.837918333333334
2024-11-23 16:00:00+00:00,43.72369916666667
2024-11-23 17:00:00+00:00,39.88072416666667
2024-11-23 18:00:00+00:00,29.32909666666667
2024-11-23 19:00:00+00:00,38.758135833333334
2024-11-23 20:00:00+00:00,38.66327666666667
2024-11-23 21:00:00+00:00,38.8025775
2024-11-23 22:00:00+00:00,30.300954166666667
2024-11-23 23:00:00+00:00,36.63119416666667
2024-11-24 00:00:00+00:00,46.32819833333334
2024-11-24 01:00:00+00:00,47.57036
2024-11-24 02:00:00+00:00,47.07322333333334
2024-11-24 03:00:00+00:00,51.03289
2024-11-24 04:00:00+00:00,55.232708333333335
2024-11-24 05:00:00+00:00,50.847853333333326
2024-11-24 06:00:00+00:00,51.57982916666666
2024-11-24 07:00:00+00:00,43.773069166666666
2024-11-24 08:00:00+00:00,41.784935
2024-11-24 09:00:00+00:00,37.47481166666667
2024-11-24 10:00:00+00:00,36.432138333333334
2024-11-24 11:00:00+00:00,35.0435075
2024-11-24 12:00:00+00:00,37.77768666666667
2024-11-24 13:00:00+00:00,39.49976083333333
2024-11-24 14:00:00+00:00,49.44096583333334
2024-11-24 15:00:00+00:00,47.0376175
2024-11-24 16:00:00+00:00,50.575205833333335
2024-11-24 17:00:00+00:00,47.28561666666667
2024-11-24 18:00:00+00:00,35.49879
2024-11-24 19:00:00+00:00,28.400908333333334
2024-11-24 20:00:00+00:00,39.247281666666666
2024-11-24 21:00:00+00:00,37.52207583333333
2024-11-24 22:00:00+00:00,58.179563333333334
2024-11-24 23:00:00+00:00,55.73684666666667
2024-11-25 00:00:00+00:00,52.560114166666665
2024-11-25 01:00:00+00:00,61.0719375
2024-11-25 02:00:00+00:00,55.22693833333333
2024-11-25 03:00:00+00:00,55.25331666666667
2024-11-25 04:00:00+00:00,55.84524083333333
2024-11-25 05:00:00+00:00,55.40683416666667
2024-11-25 06:00:00+00:00,55.664095
2024-11-25 07:00:00+00:00,54.41912
2024-11-25 08:00:00+00:00,59.48965416666667
2024-11-25 09:00:00+00:00,54.35537166666666
2024-11-25 10:00:00+00:00,49.598710000000004
2024-11-25 11:00:00+00:00,49.2089875
2024-11-25 12:00:00+00:00,49.645630000000004
2024-11-25 13:00:00+00:00,47.9305125
2024-11-25 14:00:00+00:00,54.56786416666667
2024-11-25 15:00:00+00:00,57.94242333333333
2024-11-25 16:00:00+00:00,51.75255083333334
2024-11-25 17:00:00+00:00,51.40040083333333
2024-11-25 18:00:00+00:00,50.921155
2024-11-25 19:00:00+00:00,49.53840333333333
2024-11-25 20:00:00+00:00,47.00215166666666
2024-11-25 21:00:00+00:00,48.15428333333333
2024-11-25 22:00:00+00:00,50.6375825
2024-11-25 23:00:00+00:00,59.95767166666667
2024-11-26 00:00:00+00:00,58.21519333333333
2024-11-26 01:00:00+00:00,59.96538916666666
2024-11-26 02:00:00+00:00,58.08390083333333
2024-11-26 03:00:00+00:00,57.436079166666666
2024-11-26 04:00:00+00:00,56.559439166666664
2024-11-26 05:00:00+00:00,55.03577333333333
2024-11-26 06:00:00+00:00,52.057826666666664
2024-11-26 07:00:00+00:00,46.669399166666665
2024-11-26 08:00:00+00:00,49.63330333333334
2024-11-26 09:00:00+00:00,49.17941583333334
2024-11-26 10:00:00+00:00,43.1139325
2024-11-26 11:00:00+00:00,41.658674166666664
2024-11-26 12:00:00+00:00,43.131125
2024-11-26 13:00:00+00:00,51.33961166666666
2024-11-26 14:00:00+00:00,52.19842083333333
2024-11-26 15:00:00+00:00,53.34128333333334
2024-11-26 16:00:00+00:00,53.57158166666667
2024-11-26 17:00:00+00:00,46.7852775
2024-11-26 18:00:00+00:00,48.341195
2024-11-26 19:00:00+00:00,48.9043025
2024-11-26 20:00:00+00:00,45.07272916666667
2024-11-26 21:00:00+00:00,43.61251083333334
2024-11-26 22:00:00+00:00,43.5625925
2024-11-26 23:00:00+00:00,47.37066333333333
2024-11-27 00:00:00+00:00,44.960170833333336
2024-11-27 01:00:00+00:00,49.354635
2024-11-27 02:00:00+00:00,50.450768333333336
2024-11-27 03:00:00+00:00,51.689173333333336
2024-11-27 04:00:00+00:00,45.66659000000001
2024-11-27 05:00:00+00:00,44.768645
2024-11-27 06:00:00+00:00,46.4451675
2024-11-27 07:00:00+00:00,42.57687
2024-11-27 08:00:00+00:00,46.645015
2024-11-27 09:00:00+00:00,44.02708666666666
2024-11-27 10:00:00+00:00,37.93054
2024-11-27 11:00:00+00:00,39.43882333333334
2024-11-27 12:00:00+00:00,36.966880833333335
2024-11-27 13:00:00+00:00,45.2951725
2024-11-27 14:00:00+00:00,51.779426666666666
2024-11-27 15:00:00+00:00,56.915127500000004
2024-11-27 16:00:00+00:00,69.47760416666667
2024-11-27 17:00:00+00:00,47.2726825
2024-11-27 18:00:00+00:00,39.092960833333336
2024-11-27 19:00:00+00:00,35.127963333333334
2024-11-27 20:00:00+00:00,34.533875
2024-11-27 21:00:00+00:00,33.82012666666667
2024-11-27 22:00:00+00:00,36.820344999999996
2024-11-27 23:00:00+00:00,48.9208275
2024-11-28 00:00:00+00:00,59.17253916666667
2024-11-28 01:00:00+00:00,59.13368583333334
2024-11-28 02:00:00+00:00,56.953588333333336
2024-11-28 03:00:00+00:00,55.40822583333334
2024-11-28 04:00:00+00:00,58.57032916666666
2024-11-28 05:00:00+00:00,62.0414725
2024-11-28 06:00:00+00:00,62.14219166666667
2024-11-28 07:00:00+00:00,56.799529166666666
2024-11-28 08:00:00+00:00,43.14570833333334
2024-11-28 09:00:00+00:00,43.55905583333333
2024-11-28 10:00:00+00:00,41.62421416666667
2024-11-28 11:00:00+00:00,42.24946166666667
2024-11-28 12:00:00+00:00,44.46908666666667
2024-11-28 13:00:00+00:00,51.17731083333334
2024-11-28 14:00:00+00:00,59.23647666666667
2024-11-28 15:00:00+00:00,56.75720999999999
2024-11-28 16:00:00+00:00,42.95493666666667
2024-11-28 17:00:00+00:00,38.3964875
2024-11-28 18:00:00+00:00,38.503326666666666
2024-11-28 19:00:00+00:00,37.46255416666667
2024-11-28 20:00:00+00:00,41.66012083333333
2024-11-28 21:00:00+00:00,39.1376525
2024-11-28 22:00:00+00:00,51.6654
2024-11-28 23:00:00+00:00,59.988460833333335
2024-11-29 00:00:00+00:00,53.7356225
2024-11-29 01:00:00+00:00,49.24499666666667
2024-11-29 02:00:00+00:00,49.25867083333333
2024-11-29 03:00:00+00:00,57.07752416666667
2024-11-29 04:00:00+00:00,62.06044
2024-11-29 05:00:00+00:00,68.44427083333333
2024-11-29 06:00:00+00:00,67.47517583333332
2024-11-29 07:00:00+00:00,70.58238416666667
2024-11-29 08:00:00+00:00,60.922979999999995
2024-11-29 09:00:00+00:00,58.956447499999996
2024-11-29 10:00:00+00:00,58.57876666666667
2024-11-29 11:00:00+00:00,59.79732416666667
2024-11-29 12:00:00+00:00,57.49341666666667
2024-11-29 13:00:00+00:00,52.61994833333333
2024-11-29 14:00:00+00:00,55.67362583333334
2024-11-29 15:00:00+00:00,51.61587583333334
2024-11-29 16:00:00+00:00,51.29812166666667
2024-11-29 17:00:00+00:00,47.74216333333334
2024-11-29 18:00:00+00:00,47.25241166666667
2024-11-29 19:00:00+00:00,45.10203583333333
2024-11-29 20:00:00+00:00,46.95715166666667
2024-11-29 21:00:00+00:00,52.9429225
2024-11-29 22:00:00+00:00,58.24849583333333
2024-11-29 23:00:00+00:00,63.16149166666667
2024-11-30 00:00:00+00:00,63.02175666666667
2024-11-30 01:00:00+00:00,58.4835525
2024-11-30 02:00:00+00:00,63.02148333333333
2024-11-30 03:00:00+00:00,62.786474999999996
2024-11-30 04:00:00+00:00,64.71142916666666
2024-11-30 05:00:00+00:00,68.48277083333333
2024-11-30 06:00:00+00:00,68.6396875
2024-11-30 07:00:00+00:00,68.12901833333333
2024-11-30 08:00:00+00:00,63.37593833333333
2024-11-30 09:00:00+00:00,58.544042499999996
2024-11-30 10:00:00+00:00,53.5168975
2024-11-30 11:00:00+00:00,51.164472499999995
2024-11-30 12:00:00+00:00,53.677033333333334
2024-11-30 13:00:00+00:00,55.08259583333333
2024-11-30 14:00:00+00:00,58.857863333333334
2024-11-30 15:00:00+00:00,53.87543083333333
2024-11-30 16:00:00+00:00,84.44038583333334
2024-11-30 17:00:00+00:00,68.70899250000001
2024-11-30 18:00:00+00:00,55.935316666666665
2024-11-30 19:00:00+00:00,45.999098333333336
2024-11-30 20:00:00+00:00,44.999545000000005
2024-11-30 21:00:00+00:00,49.601956666666666
2024-11-30 22:00:00+00:00,51.67980666666667
2024-11-30 23:00:00+00:00,63.97467416666667
2024-12-01 00:00:00+00:00,58.144128333333335
2024-12-01 01:00:00+00:00,58.80583416666667
2024-12-01 02:00:00+00:00,56.818983333333335
2024-12-01 03:00:00+00:00,58.496379999999995
2024-12-01 04:00:00+00:00,63.837408333333336
2024-12-01 05:00:00+00:00,61.322759999999995
2024-12-01 06:00:00+00:00,64.01631666666667
2024-12-01 07:00:00+00:00,62.3855
2024-12-01 08:00:00+00:00,57.629849166666666
2024-12-01 09:00:00+00:00,53.90784583333333
2024-12-01 10:00:00+00:00,52.0081475
2024-12-01 11:00:00+00:00,49.09298416666667
2024-12-01 12:00:00+00:00,48.20427333333333
2024-12-01 13:00:00+00:00,51.69580916666666
2024-12-01 14:00:00+00:00,57.429584166666665
2024-12-01 15:00:00+00:00,48.84524666666667
2024-12-01 16:00:00+00:00,55.85023416666667
2024-12-01 17:00:00+00:00,53.769434999999994
2024-12-01 18:00:00+00:00,45.21294416666667
2024-12-01 19:00:00+00:00,44.40551583333333
2024-12-01 20:00:00+00:00,38.4715675
2024-12-01 21:00:00+00:00,44.27715333333333
2024-12-01 22:00:00+00:00,41.57103583333333
2024-12-01 23:00:00+00:00,45.24937
2024-12-02 00:00:00+00:00,51.32892416666667
2024-12-02 01:00:00+00:00,52.80956833333334
2024-12-02 02:00:00+00:00,56.262879999999996
2024-12-02 03:00:00+00:00,62.6282225
2024-12-02 04:00:00+00:00,63.13739
2024-12-02 05:00:00+00:00,58.05254583333333
2024-12-02 06:00:00+00:00,52.92863333333333
2024-12-02 07:00:00+00:00,54.3927175
2024-12-02 08:00:00+00:00,52.953090833333334
2024-12-02 09:00:00+00:00,52.74012333333334
2024-12-02 10:00:00+00:00,52.853231666666666
2024-12-02 11:00:00+00:00,53.6527475
2024-12-02 12:00:00+00:00,56.56294333333333
2024-12-02 13:00:00+00:00,60.551471666666664
2024-12-02 14:00:00+00:00,63.84480666666667
2024-12-02 15:00:00+00:00,55.340055
2024-12-02 16:00:00+00:00,53.675293333333336
2024-12-02 17:00:00+00:00,50.959534166666664
2024-12-02 18:00:00+00:00,41.699624166666666
2024-12-02 19:00:00+00:00,38.379464166666665
2024-12-02 20:00:00+00:00,30.638008333333335
2024-12-02 21:00:00+00:00,31.724342500000002
2024-12-02 22:00:00+00:00,35.219975
2024-12-02 23:00:00+00:00,47.11440416666667
2024-12-03 00:00:00+00:00,53.94094833333333
2024-12-03 01:00:00+00:00,54.911226666666664
2024-12-03 02:00:00+00:00,53.48941083333333
2024-12-03 03:00:00+00:00,52.670291666666664
2024-12-03 04:00:00+00:00,53.19226416666667
2024-12-03 05:00:00+00:00,52.953464999999994
2024-12-03 06:00:00+00:00,53.592195000000004
2024-12-03 07:00:00+00:00,51.488332500000006
2024-12-03 08:00:00+00:00,47.59876416666666
2024-12-03 09:00:00+00:00,44.48417
2024-12-03 10:00:00+00:00,45.102354999999996
2024-12-03 11:00:00+00:00,44.207545
2024-12-03 12:00:00+00:00,48.42682333333334
2024-12-03 13:00:00+00:00,53.30312916666667
2024-12-03 14:00:00+00:00,57.23645166666666
2024-12-03 15:00:00+00:00,52.8118125
2024-12-03 16:00:00+00:00,46.26388
2024-12-03 17:00:00+00:00,43.66354333333334
2024-12-03 18:00:00+00:00,37.57111833333334
2024-12-03 19:00:00+00:00,34.42883833333333
2024-12-03 20:00:00+00:00,31.730339999999998
2024-12-03 21:00:00+00:00,34.0475425
2024-12-03 22:00:00+00:00,37.832168333333335
2024-12-03 23:00:00+00:00,50.06042083333333
2024-12-04 00:00:00+00:00,52.141482499999995
2024-12-04 01:00:00+00:00,55.02766833333333
2024-12-04 02:00:00+00:00,53.21834666666667
2024-12-04 03:00:00+00:00,53.199171666666665
2024-12-04 04:00:00+00:00,52.900241666666666
2024-12-04 05:00:00+00:00,54.33804666666666
2024-12-04 06:00:00+00:00,53.61670833333333
2024-12-04 07:00:00+00:00,52.023428333333335
2024-12-04 08:00:00+00:00,50.901665
2024-12-04 09:00:00+00:00,50.38965166666667
2024-12-04 10:00:00+00:00,48.0635725
2024-12-04 11:00:00+00:00,47.186547499999996
2024-12-04 12:00:00+00:00,49.09869916666667
2024-12-04 13:00:00+00:00,53.090849166666665
2024-12-04 14:00:00+00:00,67.73837166666667
2024-12-04 15:00:00+00:00,67.9657925
2024-12-04 16:00:00+00:00,59.77797666666667
2024-12-04 17:00:00+00:00,60.27168416666667
2024-12-04 18:00:00+00:00,51.85598916666667
2024-12-04 19:00:00+00:00,48.65743666666666
2024-12-04 20:00:00+00:00,47.469112499999994
2024-12-04 21:00:00+00:00,46.1573075
2024-12-04 22:00:00+00:00,42.57488416666667
2024-12-04 23:00:00+00:00,55.54297583333334
2024-12-05 00:00:00+00:00,63.49442583333333
2024-12-05 01:00:00+00:00,60.39667583333334
2024-12-05 02:00:00+00:00,61.310811666666666
2024-12-05 03:00:00+00:00,71.87752416666667
2024-12-05 04:00:00+00:00,84.29344666666667
2024-12-05 05:00:00+00:00,80.69175916666667
2024-12-05 06:00:00+00:00,73.9114675
2024-12-05 07:00:00+00:00,71.3023175
2024-12-05 08:00:00+00:00,60.98028
2024-12-05 09:00:00+00:00,55.603379999999994
2024-12-05 10:00:00+00:00,50.66408583333333
2024-12-05 11:00:00+00:00,50.85387333333333
2024-12-05 12:00:00+00:00,52.23729666666667
2024-12-05 13:00:00+00:00,62.854234999999996
2024-12-05 14:00:00+00:00,85.02925666666667
2024-12-05 15:00:00+00:00,59.1262375
2024-12-05 16:00:00+00:00,62.240177499999994
2024-12-05 17:00:00+00:00,43.88947083333333
2024-12-05 18:00:00+00:00,41.46501916666667
2024-12-05 19:00:00+00:00,40.76268166666667
2024-12-05 20:00:00+00:00,39.244213333333335
2024-12-05 21:00:00+00:00,39.241860833333334
2024-12-05 22:00:00+00:00,37.81117916666667
2024-12-05 23:00:00+00:00,51.28687083333333
2024-12-06 00:00:00+00:00,58.18544
2024-12-06 01:00:00+00:00,57.29204416666666
2024-12-06 02:00:00+00:00,53.8918775
2024-12-06 03:00:00+00:00,60.06928583333333
2024-12-06 04:00:00+00:00,60.74189333333334
2024-12-06 05:00:00+00:00,60.184065
2024-12-06 06:00:00+00:00,69.448505
2024-12-06 07:00:00+00:00,64.17583083333334
2024-12-06 08:00:00+00:00,51.33096750000001
2024-12-06 09:00:00+00:00,47.34897916666667
2024-12-06 10:00:00+00:00,47.2508975
2024-12-06 11:00:00+00:00,47.66486750000001
2024-12-06 12:00:00+00:00,45.9987475
2024-12-06 13:00:00+00:00,50.2929775
2024-12-06 14:00:00+00:00,60.705125833333334
2024-12-06 15:00:00+00:00,66.16712333333334
2024-12-06 16:00:00+00:00,64.10857833333334
2024-12-06 17:00:00+00:00,54.73362
2024-12-06 18:00:00+00:00,47.505365833333336
2024-12-06 19:00:00+00:00,40.70413
2024-12-06 20:00:00+00:00,40.633045
2024-12-06 21:00:00+00:00,36.701933333333336
2024-12-06 22:00:00+00:00,38.73314583333333
2024-12-06 23:00:00+00:00,51.43413833333333
2024-12-07 00:00:00+00:00,55.00000416666666
2024-12-07 01:00:00+00:00,50.0996475
2024-12-07 02:00:00+00:00,48.89119083333333
2024-12-07 03:00:00+00:00,50.166221666666665
2024-12-07 04:00:00+00:00,56.528575
2024-12-07 05:00:00+00:00,58.59712666666667
2024-12-07 06:00:00+00:00,60.24285333333333
2024-12-07 07:00:00+00:00,64.31379416666667
2024-12-07 08:00:00+00:00,51.198724166666665
2024-12-07 09:00:00+00:00,50.25703333333333
2024-12-07 10:00:00+00:00,49.74248666666667
2024-12-07 11:00:00+00:00,51.758649166666665
2024-12-07 12:00:00+00:00,47.2817925
2024-12-07 13:00:00+00:00,51.504963333333336
2024-12-07 14:00:00+00:00,58.78861416666667
2024-12-07 15:00:00+00:00,50.20672416666667
2024-12-07 16:00:00+00:00,42.517873333333334
2024-12-07 17:00:00+00:00,47.159639166666665
2024-12-07 18:00:00+00:00,41.67104166666667
2024-12-07 19:00:00+00:00,39.764652500000004
2024-12-07 20:00:00+00:00,32.1579275
2024-12-07 21:00:00+00:00,28.970645
2024-12-07 22:00:00+00:00,33.56680083333333
2024-12-07 23:00:00+00:00,42.62342
2024-12-08 00:00:00+00:00,42.2854775
2024-12-08 01:00:00+00:00,38.71384333333334
2024-12-08 02:00:00+00:00,41.18954083333333
2024-12-08 03:00:00+00:00,40.3816525
2024-12-08 04:00:00+00:00,40.928648333333335
2024-12-08 05:00:00+00:00,40.985128333333336
2024-12-08 06:00:00+00:00,40.92012916666667
2024-12-08 07:00:00+00:00,41.13814583333333
2024-12-08 08:00:00+00:00,41.23266833333333
2024-12-08 09:00:00+00:00,39.85835333333333
2024-12-08 10:00:00+00:00,38.879345
2024-12-08 11:00:00+00:00,35.814438333333335
2024-12-08 12:00:00+00:00,35.0768
2024-12-08 13:00:00+00:00,33.57037583333334
2024-12-08 14:00:00+00:00,36.00272416666667
2024-12-08 15:00:00+00:00,37.8656225
2024-12-08 16:00:00+00:00,28.897154999999998
2024-12-08 17:00:00+00:00,27.068430833333334
2024-12-08 18:00:00+00:00,23.17686
2024-12-08 19:00:00+00:00,11.398075
2024-12-08 20:00:00+00:00,15.022219166666666
2024-12-08 21:00:00+00:00,26.33407083333333
2024-12-08 22:00:00+00:00,32.952260833333334
2024-12-08 23:00:00+00:00,35.7456025
2024-12-09 00:00:00+00:00,41.03085
2024-12-09 01:00:00+00:00,48.87287083333334
2024-12-09 02:00:00+00:00,48.5646275
2024-12-09 03:00:00+00:00,49.077557500000005
2024-12-09 04:00:00+00:00,48.45357833333333
2024-12-09 05:00:00+00:00,44.352669999999996
2024-12-09 06:00:00+00:00,46.03423916666667
2024-12-09 07:00:00+00:00,42.098279166666664
2024-12-09 08:00:00+00:00,44.2901075
2024-12-09 09:00:00+00:00,43.91911083333333
2024-12-09 10:00:00+00:00,39.7586925
2024-12-09 11:00:00+00:00,39.36247916666667
2024-12-09 12:00:00+00:00,39.910471666666666
2024-12-09 13:00:00+00:00,41.75434583333333
2024-12-09 14:00:00+00:00,49.223391666666664
2024-12-09 15:00:00+00:00,59.89294833333333
2024-12-09 16:00:00+00:00,64.186565
2024-12-09 17:00:00+00:00,57.73019583333333
2024-12-09 18:00:00+00:00,44.13654916666667
2024-12-09 19:00:00+00:00,39.5237725
2024-12-09 20:00:00+00:00,41.979620000000004
2024-12-09 21:00:00+00:00,39.30665833333333
2024-12-09 22:00:00+00:00,34.037260833333335
2024-12-09 23:00:00+00:00,44.8448275
2024-12-10 00:00:00+00:00,57.88469333333333
2024-12-10 01:00:00+00:00,62.074385
2024-12-10 02:00:00+00:00,68.279555
2024-12-10 03:00:00+00:00,74.618115
2024-12-10 04:00:00+00:00,88.75221749999999
2024-12-10 05:00:00+00:00,82.6645075
2024-12-10 06:00:00+00:00,72.79238500000001
2024-12-10 07:00:00+00:00,66.7012175
2024-12-10 08:00:00+00:00,59.593297500000006
2024-12-10 09:00:00+00:00,52.4517375
2024-12-10 10:00:00+00:00,59.97659916666667
2024-12-10 11:00:00+00:00,49.722087499999994
2024-12-10 12:00:00+00:00,53.43693833333333
2024-12-10 13:00:00+00:00,67.03067666666666
2024-12-10 14:00:00+00:00,72.73021333333334
2024-12-10 15:00:00+00:00,70.78803333333333
2024-12-10 16:00:00+00:00,69.12045583333334
2024-12-10 17:00:00+00:00,59.34311416666667
2024-12-10 18:00:00+00:00,60.22997
2024-12-10 19:00:00+00:00,42.42682833333333
2024-12-10 20:00:00+00:00,37.5889175
2024-12-10 21:00:00+00:00,35.056920833333336
2024-12-10 22:00:00+00:00,40.42557583333333
2024-12-10 23:00:00+00:00,49.79601333333333
2024-12-11 00:00:00+00:00,61.23663333333334
2024-12-11 01:00:00+00:00,54.224625
2024-12-11 02:00:00+00:00,48.984945
2024-12-11 03:00:00+00:00,49.63283083333334
2024-12-11 04:00:00+00:00,55.24453833333334
2024-12-11 05:00:00+00:00,56.253321666666665
2024-12-11 06:00:00+00:00,49.87052500000001
2024-12-11 07:00:00+00:00,47.28635166666667
2024-12-11 08:00:00+00:00,49.42559
2024-12-11 09:00:00+00:00,48.381706666666666
2024-12-11 10:00:00+00:00,45.74219166666666
2024-12-11 11:00:00+00:00,44.054591666666674
2024-12-11 12:00:00+00:00,45.61769833333333
2024-12-11 13:00:00+00:00,49.096893333333334
2024-12-11 14:00:00+00:00,63.73762
2024-12-11 15:00:00+00:00,77.09635416666667
2024-12-11 16:00:00+00:00,65.69962666666667
2024-12-11 17:00:00+00:00,43.367803333333335
2024-12-11 18:00:00+00:00,37.51230416666667
2024-12-11 19:00:00+00:00,36.11994083333333
2024-12-11 20:00:00+00:00,36.94757
2024-12-11 21:00:00+00:00,37.674875
2024-12-11 22:00:00+00:00,45.99402416666667
2024-12-11 23:00:00+00:00,51.790660833333334
2024-12-12 00:00:00+00:00,55.772444166666666
2024-12-12 01:00:00+00:00,60.5205325
2024-12-12 02:00:00+00:00,57.706580833333334
2024-12-12 03:00:00+00:00,64.76554
2024-12-12 04:00:00+00:00,64.95619416666666
2024-12-12 05:00:00+00:00,60.58130416666666
2024-12-12 06:00:00+00:00,58.596399166666664
2024-12-12 07:00:00+00:00,57.35655833333333
2024-12-12 08:00:00+00:00,56.65609166666667
2024-12-12 09:00:00+00:00,56.90164333333333
2024-12-12 10:00:00+00:00,50.3043075
2024-12-12 11:00:00+00:00,52.25498416666667
2024-12-12 12:00:00+00:00,55.20160833333333
2024-12-12 13:00:00+00:00,64.0379875
2024-12-12 14:00:00+00:00,90.18827333333333
2024-12-12 15:00:00+00:00,237.19402333333332
2024-12-12 16:00:00+00:00,64.33648166666667
2024-12-12 17:00:00+00:00,66.89676250000001
2024-12-12 18:00:00+00:00,53.915245
2024-12-12 19:00:00+00:00,50.073299999999996
2024-12-12 20:00:00+00:00,50.00543666666667
2024-12-12 21:00:00+00:00,47.13035
2024-12-12 22:00:00+00:00,53.30150166666667
2024-12-12 23:00:00+00:00,52.60321666666667
2024-12-13 00:00:00+00:00,59.49103333333333
2024-12-13 01:00:00+00:00,62.71177333333333
2024-12-13 02:00:00+00:00,61.9813025
2024-12-13 03:00:00+00:00,62.074800833333335
2024-12-13 04:00:00+00:00,59.55857916666667
2024-12-13 05:00:00+00:00,55.751399166666666
2024-12-13 06:00:00+00:00,51.53709
2024-12-13 07:00:00+00:00,46.250432499999995
2024-12-13 08:00:00+00:00,41.835125
2024-12-13 09:00:00+00:00,43.294653333333336
2024-12-13 10:00:00+00:00,44.29947583333333
2024-12-13 11:00:00+00:00,44.899573333333336
2024-12-13 12:00:00+00:00,44.56413166666667
2024-12-13 13:00:00+00:00,45.666165
2024-12-13 14:00:00+00:00,56.76260166666666
2024-12-13 15:00:00+00:00,57.12442166666667
2024-12-13 16:00:00+00:00,45.382910833333334
2024-12-13 17:00:00+00:00,58.14945583333333
2024-12-13 18:00:00+00:00,51.1900075
2024-12-13 19:00:00+00:00,48.2568125
2024-12-13 20:00:00+00:00,47.17838333333333
2024-12-13 21:00:00+00:00,49.374509999999994
2024-12-13 22:00:00+00:00,51.59905083333334
2024-12-13 23:00:00+00:00,45.194700833333336
2024-12-14 00:00:00+00:00,43.80849333333333
2024-12-14 01:00:00+00:00,42.97578166666667
2024-12-14 02:00:00+00:00,42.124094166666666
2024-12-14 03:00:00+00:00,40.99633166666667
2024-12-14 04:00:00+00:00,40.1490675
2024-12-14 05:00:00+00:00,39.843066666666665
2024-12-14 06:00:00+00:00,44.48336666666666
2024-12-14 07:00:00+00:00,42.35567833333334
2024-12-14 08:00:00+00:00,45.91692333333333
2024-12-14 09:00:00+00:00,41.967080833333334
2024-12-14 10:00:00+00:00,41.371805
2024-12-14 11:00:00+00:00,41.4446025
2024-12-14 12:00:00+00:00,39.416533333333334
2024-12-14 13:00:00+00:00,38.35105166666667
2024-12-14 14:00:00+00:00,43.379828333333336
2024-12-14 15:00:00+00:00,49.28236833333333
2024-12-14 16:00:00+00:00,48.36733666666667
2024-12-14 17:00:00+00:00,36.176406666666665
2024-12-14 18:00:00+00:00,38.384255833333334
2024-12-14 19:00:00+00:00,30.668789166666667
2024-12-14 20:00:00+00:00,27.277905
2024-12-14 21:00:00+00:00,23.9852575
2024-12-14 22:00:00+00:00,25.156409166666666
2024-12-14 23:00:00+00:00,42.57004666666666
2024-12-15 00:00:00+00:00,44.95071333333333
2024-12-15 01:00:00+00:00,47.523085
2024-12-15 02:00:00+00:00,46.09484416666667
2024-12-15 03:00:00+00:00,43.615901666666666
2024-12-15 04:00:00+00:00,42.67417583333333
2024-12-15 05:00:00+00:00,42.63704666666667
2024-12-15 06:00:00+00:00,43.150277499999994
2024-12-15 07:00:00+00:00,40.689883333333334
2024-12-15 08:00:00+00:00,34.91917916666667
2024-12-15 09:00:00+00:00,36.48667583333333
2024-12-15 10:00:00+00:00,37.64818833333333
2024-12-15 11:00:00+00:00,39.15302583333334
2024-12-15 12:00:00+00:00,40.39834583333333
2024-12-15 13:00:00+00:00,40.81813666666667
2024-12-15 14:00:00+00:00,43.070455833333334
2024-12-15 15:00:00+00:00,43.19356166666666
2024-12-15 16:00:00+00:00,37.927215833333335
2024-12-15 17:00:00+00:00,35.50385833333333
2024-12-15 18:00:00+00:00,30.694461666666665
2024-12-15 19:00:00+00:00,28.377748333333333
2024-12-15 20:00:00+00:00,22.806839166666666
2024-12-15 21:00:00+00:00,26.446838333333332
2024-12-15 22:00:00+00:00,25.839011666666664
2024-12-15 23:00:00+00:00,41.0869675
2024-12-16 00:00:00+00:00,54.070390833333335
2024-12-16 01:00:00+00:00,55.28780916666667
2024-12-16 02:00:00+00:00,53.74695
2024-12-16 03:00:00+00:00,52.67272
2024-12-16 04:00:00+00:00,52.1947075
2024-12-16 05:00:00+00:00,52.955153333333335
2024-12-16 06:00:00+00:00,49.332279166666666
2024-12-16 07:00:00+00:00,46.92277833333333
2024-12-16 08:00:00+00:00,49.6306275
2024-12-16 09:00:00+00:00,48.2005625
2024-12-16 10:00:00+00:00,45.178035
2024-12-16 11:00:00+00:00,45.63464416666667
2024-12-16 12:00:00+00:00,44.861815
2024-12-16 13:00:00+00:00,43.61360916666666
2024-12-16 14:00:00+00:00,48.47179
2024-12-16 15:00:00+00:00,55.96306333333333
2024-12-16 16:00:00+00:00,57.634328333333336
2024-12-16 17:00:00+00:00,59.66315916666667
2024-12-16 18:00:00+00:00,50.6341725
2024-12-16 19:00:00+00:00,53.02547583333333
2024-12-16 20:00:00+00:00,60.14380916666667
2024-12-16 21:00:00+00:00,60.403847500000005
2024-12-16 22:00:00+00:00,49.377265
2024-12-16 23:00:00+00:00,50.47411833333334
2024-12-17 00:00:00+00:00,56.0269925
2024-12-17 01:00:00+00:00,59.748895000000005
2024-12-17 02:00:00+00:00,67.967695
2024-12-17 03:00:00+00:00,58.285739166666666
2024-12-17 04:00:00+00:00,55.121235000000006
2024-12-17 05:00:00+00:00,53.55054583333333
2024-12-17 06:00:00+00:00,51.82203166666667
2024-12-17 07:00:00+00:00,47.986235
2024-12-17 08:00:00+00:00,46.81791833333333
2024-12-17 09:00:00+00:00,46.26336416666667
2024-12-17 10:00:00+00:00,46.274367500000004
2024-12-17 11:00:00+00:00,45.99043583333333
2024-12-17 12:00:00+00:00,47.9418975
2024-12-17 13:00:00+00:00,51.77920666666666
2024-12-17 14:00:00+00:00,58.581940833333334
2024-12-17 15:00:00+00:00,73.42633583333334
2024-12-17 16:00:00+00:00,68.76976833333333
2024-12-17 17:00:00+00:00,63.498315
2024-12-17 18:00:00+00:00,61.57342666666667
2024-12-17 19:00:00+00:00,60.23396666666667
2024-12-17 20:00:00+00:00,56.18373833333334
2024-12-17 21:00:00+00:00,52.7209125
2024-12-17 22:00:00+00:00,49.00026416666666
2024-12-17 23:00:00+00:00,49.132425000000005
2024-12-18 00:00:00+00:00,52.74955
2024-12-18 01:00:00+00:00,53.43657833333333
2024-12-18 02:00:00+00:00,56.694285
2024-12-18 03:00:00+00:00,64.16349666666666
2024-12-18 04:00:00+00:00,65.67456
2024-12-18 05:00:00+00:00,55.47582083333333
2024-12-18 06:00:00+00:00,50.245716666666674
2024-12-18 07:00:00+00:00,44.53197
2024-12-18 08:00:00+00:00,47.51804666666667
2024-12-18 09:00:00+00:00,48.70885083333334
2024-12-18 10:00:00+00:00,46.767199166666664
2024-12-18 11:00:00+00:00,47.82123166666667
2024-12-18 12:00:00+00:00,52.61852583333334
2024-12-18 13:00:00+00:00,71.21039583333334
2024-12-18 14:00:00+00:00,97.2207475
2024-12-18 15:00:00+00:00,101.78974249999999
2024-12-18 16:00:00+00:00,45.1038325
2024-12-18 17:00:00+00:00,44.3773375
2024-12-18 18:00:00+00:00,42.967324999999995
2024-12-18 19:00:00+00:00,40.08461416666666
2024-12-18 20:00:00+00:00,42.9551075
2024-12-18 21:00:00+00:00,37.4858475
2024-12-18 22:00:00+00:00,36.544758333333334
2024-12-18 23:00:00+00:00,45.580359166666675
2024-12-19 00:00:00+00:00,94.44782666666667
2024-12-19 01:00:00+00:00,58.77159
2024-12-19 02:00:00+00:00,55.06171
2024-12-19 03:00:00+00:00,50.24113333333333
2024-12-19 04:00:00+00:00,47.200672499999996
2024-12-19 05:00:00+00:00,53.00337166666666
2024-12-19 06:00:00+00:00,61.29790833333333
2024-12-19 07:00:00+00:00,43.83069166666667
2024-12-19 08:00:00+00:00,44.112210000000005
2024-12-19 09:00:00+00:00,41.70561083333333
2024-12-19 10:00:00+00:00,41.0299525
2024-12-19 11:00:00+00:00,39.94203666666667
2024-12-19 12:00:00+00:00,38.95692333333333
2024-12-19 13:00:00+00:00,41.959179999999996
2024-12-19 14:00:00+00:00,46.529398333333326
2024-12-19 15:00:00+00:00,49.626985
2024-12-19 16:00:00+00:00,50.23798416666667
2024-12-19 17:00:00+00:00,58.58209416666667
2024-12-19 18:00:00+00:00,52.956200833333334
2024-12-19 19:00:00+00:00,51.311800000000005
2024-12-19 20:00:00+00:00,49.1002
2024-12-19 21:00:00+00:00,44.30438
2024-12-19 22:00:00+00:00,39.62867833333333
2024-12-19 23:00:00+00:00,44.50700333333333
2024-12-20 00:00:00+00:00,49.973893333333336
2024-12-20 01:00:00+00:00,45.716887500000006
2024-12-20 02:00:00+00:00,45.208290833333336
2024-12-20 03:00:00+00:00,45.335537499999994
2024-12-20 04:00:00+00:00,45.25125416666666
2024-12-20 05:00:00+00:00,47.395925
2024-12-20 06:00:00+00:00,47.993855833333335
2024-12-20 07:00:00+00:00,46.5760125
2024-12-20 08:00:00+00:00,43.79754166666667
2024-12-20 09:00:00+00:00,44.7103525
2024-12-20 10:00:00+00:00,45.40411833333334
2024-12-20 11:00:00+00:00,45.134674999999994
2024-12-20 12:00:00+00:00,47.5578525
2024-12-20 13:00:00+00:00,49.24180166666667
2024-12-20 14:00:00+00:00,51.94820333333333
2024-12-20 15:00:00+00:00,48.729414999999996
2024-12-20 16:00:00+00:00,45.854036666666666
2024-12-20 17:00:00+00:00,46.59829666666667
2024-12-20 18:00:00+00:00,53.710654166666664
2024-12-20 19:00:00+00:00,49.365902500000004
2024-12-20 20:00:00+00:00,48.44212083333333
2024-12-20 21:00:00+00:00,47.34584666666667
2024-12-20 22:00:00+00:00,47.521809166666664
2024-12-20 23:00:00+00:00,49.052083333333336
2024-12-21 00:00:00+00:00,46.05513583333334
2024-12-21 01:00:00+00:00,45.06639666666666
2024-12-21 02:00:00+00:00,44.7774675
2024-12-21 03:00:00+00:00,44.66434833333333
2024-12-21 04:00:00+00:00,44.778369999999995
2024-12-21 05:00:00+00:00,45.152809999999995
2024-12-21 06:00:00+00:00,45.80723416666667
2024-12-21 07:00:00+00:00,46.15538083333333
2024-12-21 08:00:00+00:00,45.8115875
2024-12-21 09:00:00+00:00,45.653352500000004
2024-12-21 10:00:00+00:00,46.61624333333333
2024-12-21 11:00:00+00:00,46.77496083333333
2024-12-21 12:00:00+00:00,43.16717499999999
2024-12-21 13:00:00+00:00,46.52294666666666
2024-12-21 14:00:00+00:00,48.64639916666667
2024-12-21 15:00:00+00:00,48.26462333333333
2024-12-21 16:00:00+00:00,40.326204999999995
2024-12-21 17:00:00+00:00,41.831653333333335
2024-12-21 18:00:00+00:00,43.2742025
2024-12-21 19:00:00+00:00,34.83916166666666
2024-12-21 20:00:00+00:00,35.58916416666667
2024-12-21 21:00:00+00:00,39.05497666666667
2024-12-21 22:00:00+00:00,40.93460666666667
2024-12-21 23:00:00+00:00,42.870583333333336
2024-12-22 00:00:00+00:00,45.30797833333333
2024-12-22 01:00:00+00:00,44.504220000000004
2024-12-22 02:00:00+00:00,42.47869333333333
2024-12-22 03:00:00+00:00,44.512285
2024-12-22 04:00:00+00:00,46.52832333333333
2024-12-22 05:00:00+00:00,46.80881416666667
2024-12-22 06:00:00+00:00,49.53781333333333
2024-12-22 07:00:00+00:00,44.972655833333334
2024-12-22 08:00:00+00:00,45.094606666666664
2024-12-22 09:00:00+00:00,44.24874166666667
2024-12-22 10:00:00+00:00,42.06045583333333
2024-12-22 11:00:00+00:00,39.397178333333336
2024-12-22 12:00:00+00:00,37.6411575
2024-12-22 13:00:00+00:00,40.5413175
2024-12-22 14:00:00+00:00,43.09688333333333
2024-12-22 15:00:00+00:00,41.397421666666666
2024-12-22 16:00:00+00:00,47.075247499999996
2024-12-22 17:00:00+00:00,48.30997083333333
2024-12-22 18:00:00+00:00,46.98882166666667
2024-12-22 19:00:00+00:00,44.305835
2024-12-22 20:00:00+00:00,45.699095
2024-12-22 21:00:00+00:00,38.9694275
2024-12-22 22:00:00+00:00,40.917965833333334
2024-12-22 23:00:00+00:00,49.5467475
2024-12-23 00:00:00+00:00,53.39134000000001
2024-12-23 01:00:00+00:00,47.4923125
2024-12-23 02:00:00+00:00,45.38453416666667
2024-12-23 03:00:00+00:00,46.63886166666666
2024-12-23 04:00:00+00:00,46.71521083333334
2024-12-23 05:00:00+00:00,49.642899166666666
2024-12-23 06:00:00+00:00,47.0129325
2024-12-23 07:00:00+00:00,44.204035
2024-12-23 08:00:00+00:00,45.2763275
2024-12-23 09:00:00+00:00,42.46007083333333
2024-12-23 10:00:00+00:00,38.513255
2024-12-23 11:00:00+00:00,37.1027225
2024-12-23 12:00:00+00:00,37.1276425
2024-12-23 13:00:00+00:00,40.92447
2024-12-23 14:00:00+00:00,41.001981666666666
2024-12-23 15:00:00+00:00,39.22783666666667
2024-12-23 16:00:00+00:00,36.115340833333335
2024-12-23 17:00:00+00:00,30.01551333333333
2024-12-23 18:00:00+00:00,23.2336925
2024-12-23 19:00:00+00:00,26.769341666666666
2024-12-23 20:00:00+00:00,25.958947499999997
2024-12-23 21:00:00+00:00,29.255348333333334
2024-12-23 22:00:00+00:00,31.746585
2024-12-23 23:00:00+00:00,40.25036333333333
2024-12-24 00:00:00+00:00,42.17785583333333
2024-12-24 01:00:00+00:00,43.754825833333335
2024-12-24 02:00:00+00:00,42.37549666666667
2024-12-24 03:00:00+00:00,42.12624666666667
2024-12-24 04:00:00+00:00,41.743065
2024-12-24 05:00:00+00:00,42.55343916666667
2024-12-24 06:00:00+00:00,42.83099166666667
2024-12-24 07:00:00+00:00,41.942235833333335
2024-12-24 08:00:00+00:00,45.073125833333336
2024-12-24 09:00:00+00:00,46.3256925
2024-12-24 10:00:00+00:00,45.32637916666667
2024-12-24 11:00:00+00:00,43.336555
2024-12-24 12:00:00+00:00,40.387901666666664
2024-12-24 13:00:00+00:00,39.48888916666667
2024-12-24 14:00:00+00:00,41.21710916666667
2024-12-24 15:00:00+00:00,38.675172499999995
2024-12-24 16:00:00+00:00,44.07612833333334
2024-12-24 17:00:00+00:00,45.64284916666667
2024-12-24 18:00:00+00:00,45.08660333333333
2024-12-24 19:00:00+00:00,43.47410583333333
2024-12-24 20:00:00+00:00,38.34761916666667
2024-12-24 21:00:00+00:00,34.77103
2024-12-24 22:00:00+00:00,30.492477499999996
2024-12-24 23:00:00+00:00,35.123185
2024-12-25 00:00:00+00:00,37.43264333333333
2024-12-25 01:00:00+00:00,34.74982
2024-12-25 02:00:00+00:00,33.256054999999996
2024-12-25 03:00:00+00:00,32.16918333333333
2024-12-25 04:00:00+00:00,33.65466583333333
2024-12-25 05:00:00+00:00,34.0854625
2024-12-25 06:00:00+00:00,33.644505833333334
2024-12-25 07:00:00+00:00,33.47130333333333
2024-12-25 08:00:00+00:00,28.279006666666664
2024-12-25 09:00:00+00:00,31.131309166666668
2024-12-25 10:00:00+00:00,29.7873125
2024-12-25 11:00:00+00:00,29.531321666666667
2024-12-25 12:00:00+00:00,31.997555000000002
2024-12-25 13:00:00+00:00,34.87413
2024-12-25 14:00:00+00:00,35.304607499999996
2024-12-25 15:00:00+00:00,35.26056333333333
2024-12-25 16:00:00+00:00,43.43442833333333
2024-12-25 17:00:00+00:00,37.80258333333333
2024-12-25 18:00:00+00:00,38.00295
2024-12-25 19:00:00+00:00,35.30057333333333
2024-12-25 20:00:00+00:00,37.324315
2024-12-25 21:00:00+00:00,39.13387083333333
2024-12-25 22:00:00+00:00,38.03698833333333
2024-12-25 23:00:00+00:00,39.47384916666667
2024-12-26 00:00:00+00:00,40.20406416666667
2024-12-26 01:00:00+00:00,41.222522500000004
2024-12-26 02:00:00+00:00,39.7459075
2024-12-26 03:00:00+00:00,40.5373975
2024-12-26 04:00:00+00:00,40.6077975
2024-12-26 05:00:00+00:00,41.666624166666665
2024-12-26 06:00:00+00:00,43.46664083333334
2024-12-26 07:00:00+00:00,42.7462325
2024-12-26 08:00:00+00:00,43.5435575
2024-12-26 09:00:00+00:00,41.4733975
2024-12-26 10:00:00+00:00,40.193665
2024-12-26 11:00:00+00:00,38.23221416666667
2024-12-26 12:00:00+00:00,38.42897583333333
2024-12-26 13:00:00+00:00,38.66830916666667
2024-12-26 14:00:00+00:00,40.36978333333334
2024-12-26 15:00:00+00:00,40.97035
2024-12-26 16:00:00+00:00,50.295477500000004
2024-12-26 17:00:00+00:00,44.2345
2024-12-26 18:00:00+00:00,33.432716666666664
2024-12-26 19:00:00+00:00,29.441396666666666
2024-12-26 20:00:00+00:00,18.800553333333333
2024-12-26 21:00:00+00:00,21.226896666666665
2024-12-26 22:00:00+00:00,6.642274166666667
2024-12-26 23:00:00+00:00,41.03386666666667
2024-12-27 00:00:00+00:00,44.11629833333333
2024-12-27 01:00:00+00:00,44.667638333333336
2024-12-27 02:00:00+00:00,41.82336166666666
2024-12-27 03:00:00+00:00,41.16374916666667
2024-12-27 04:00:00+00:00,42.13591916666667
2024-12-27 05:00:00+00:00,41.87302333333333
2024-12-27 06:00:00+00:00,41.03037666666666
2024-12-27 07:00:00+00:00,38.2060825
2024-12-27 08:00:00+00:00,38.45242666666667
2024-12-27 09:00:00+00:00,37.13982083333334
2024-12-27 10:00:00+00:00,33.7241325
2024-12-27 11:00:00+00:00,33.2791925
2024-12-27 12:00:00+00:00,36.47536916666667
2024-12-27 13:00:00+00:00,40.15051833333333
2024-12-27 14:00:00+00:00,40.68200083333333
2024-12-27 15:00:00+00:00,42.390881666666665
2024-12-27 16:00:00+00:00,46.995470833333336
2024-12-27 17:00:00+00:00,44.17187083333334
2024-12-27 18:00:00+00:00,35.64359833333334
2024-12-27 19:00:00+00:00,34.8258675
2024-12-27 20:00:00+00:00,33.8096825
2024-12-27 21:00:00+00:00,32.5110625
2024-12-27 22:00:00+00:00,33.85919416666667
2024-12-27 23:00:00+00:00,39.26161416666667
2024-12-28 00:00:00+00:00,43.70518416666667
2024-12-28 01:00:00+00:00,44.48880166666667
2024-12-28 02:00:00+00:00,43.87766833333333
2024-12-28 03:00:00+00:00,42.33976083333334
2024-12-28 04:00:00+00:00,40.32353166666667
2024-12-28 05:00:00+00:00,39.63075333333333
2024-12-28 06:00:00+00:00,40.59435416666667
2024-12-28 07:00:00+00:00,40.21624666666667
2024-12-28 08:00:00+00:00,33.296031666666664
2024-12-28 09:00:00+00:00,32.94937
2024-12-28 10:00:00+00:00,31.85562333333333
2024-12-28 11:00:00+00:00,31.694858333333332
2024-12-28 12:00:00+00:00,31.184191666666667
2024-12-28 13:00:00+00:00,32.855914166666665
2024-12-28 14:00:00+00:00,35.2227825
2024-12-28 15:00:00+00:00,38.14427083333333
2024-12-28 16:00:00+00:00,37.03166083333333
2024-12-28 17:00:00+00:00,26.279654166666663
2024-12-28 18:00:00+00:00,24.798759166666667
2024-12-28 19:00:00+00:00,23.295793333333336
2024-12-28 20:00:00+00:00,16.520934166666667
2024-12-28 21:00:00+00:00,13.9688225
2024-12-28 22:00:00+00:00,15.089228333333333
2024-12-28 23:00:00+00:00,24.194352499999997
2024-12-29 00:00:00+00:00,34.699171666666665
2024-12-29 01:00:00+00:00,34.542634166666666
2024-12-29 02:00:00+00:00,33.367152499999996
2024-12-29 03:00:00+00:00,33.526608333333336
2024-12-29 04:00:00+00:00,33.9204925
2024-12-29 05:00:00+00:00,32.73893916666667
2024-12-29 06:00:00+00:00,35.05824333333333
2024-12-29 07:00:00+00:00,35.284420000000004
2024-12-29 08:00:00+00:00,34.48853166666667
2024-12-29 09:00:00+00:00,34.44090166666667
2024-12-29 10:00:00+00:00,30.513231666666666
2024-12-29 11:00:00+00:00,32.07720416666667
2024-12-29 12:00:00+00:00,33.477515
2024-12-29 13:00:00+00:00,31.822411666666667
2024-12-29 14:00:00+00:00,35.518120833333334
2024-12-29 15:00:00+00:00,34.527099166666666
2024-12-29 16:00:00+00:00,27.27602333333333
2024-12-29 17:00:00+00:00,27.439999166666666
2024-12-29 18:00:00+00:00,18.6183075
2024-12-29 19:00:00+00:00,14.580321666666668
2024-12-29 20:00:00+00:00,23.28695666666667
2024-12-29 21:00:00+00:00,23.271528333333332
2024-12-29 22:00:00+00:00,20.698850833333335
2024-12-29 23:00:00+00:00,24.0395225
2024-12-30 00:00:00+00:00,30.57874166666667
2024-12-30 01:00:00+00:00,35.41196583333333
2024-12-30 02:00:00+00:00,28.94416916666667
2024-12-30 03:00:00+00:00,28.412369166666664
2024-12-30 04:00:00+00:00,29.162367500000002
2024-12-30 05:00:00+00:00,27.825445833333333
2024-12-30 06:00:00+00:00,27.735164166666667
2024-12-30 07:00:00+00:00,25.378028333333333
2024-12-30 08:00:00+00:00,26.1083325
2024-12-30 09:00:00+00:00,26.185176666666667
2024-12-30 10:00:00+00:00,25.36599916666667
2024-12-30 11:00:00+00:00,26.105162500000002
2024-12-30 12:00:00+00:00,27.182436666666664
2024-12-30 13:00:00+00:00,28.54639416666667
2024-12-30 14:00:00+00:00,26.971331666666668
2024-12-30 15:00:00+00:00,26.91481333333333
2024-12-30 16:00:00+00:00,20.54471
2024-12-30 17:00:00+00:00,14.699561666666666
2024-12-30 18:00:00+00:00,15.436355833333332
2024-12-30 19:00:00+00:00,16.86599083333333
2024-12-30 20:00:00+00:00,15.055949166666666
2024-12-30 21:00:00+00:00,3.5741941666666666
2024-12-30 22:00:00+00:00,-2.1647475000000003
2024-12-30 23:00:00+00:00,17.296380833333334
2024-12-31 00:00:00+00:00,39.13773833333333
2024-12-31 01:00:00+00:00,42.446242500000004
2024-12-31 02:00:00+00:00,39.181545
2024-12-31 03:00:00+00:00,38.01833666666666
2024-12-31 04:00:00+00:00,39.513455
2024-12-31 05:00:00+00:00,42.0405875
2024-12-31 06:00:00+00:00,42.074444166666666
2024-12-31 07:00:00+00:00,35.76757666666666
